0.6399;2.1573
0.6116;1.5319
0.6545;1.0255
0.6758;0.6323
0.6624;0.2685
0.6299;-0.0972
0.6326;-0.3317
0.6936;-0.4761
0.7840;-0.6356
0.6597;-0.7573
0.7190;-0.9221
0.6779;-1.0144
0.7134;-1.1652
0.7651;-1.2609
0.7904;-1.3060
0.6240;-1.3443
0.6581;-1.3875
0.6019;-1.4317
0.6052;-1.4836
0.6540;-1.5326
0.7921;-1.5612
0.8684;-1.5980
0.8836;-1.6320
0.9602;-1.6639
0.7167;-1.6981
0.7844;-1.7313
0.8230;-1.7545
0.8477;-1.7899
0.8767;-1.8214
0.9224;-1.8525
0.9796;-1.8888
1.0666;-1.9157
1.1643;-1.9424
1.2525;-1.9674
1.4030;-1.9880
1.5000;-2.0093
1.5844;-2.0279
1.6606;-2.0472
1.7228;-2.0723
1.7712;-2.0994
1.8003;-2.1288
1.7985;-2.1555
1.7525;-2.1713
1.5805;-2.1829
1.4467;-2.1956
1.2745;-2.2080
0.8424;-2.2261
0.8681;-2.2473
0.8982;-2.2635
0.9244;-2.2819
0.7890;-2.2991
0.8096;-2.3117
0.8633;-2.3216
0.7229;-2.3667
0.7220;-2.4034
0.6918;-2.4090
0.7367;-2.4150
0.7805;-2.4250
0.8101;-2.4321
0.6328;-2.4442
0.6531;-2.4545
0.6113;-2.4565
0.6319;-2.4589
0.6371;-2.4600
0.6812;-2.4624
1.0553;-2.4647
1.1438;-2.4686
0.8727;-2.4749
0.9742;-2.4760
1.0628;-2.4781
0.9566;-2.4805
0.7405;-2.4822
0.8351;-2.4841
0.8444;-2.4860
0.8878;-2.4887
0.9360;-2.4914
1.0105;-2.4967
1.0972;-2.5015
1.1876;-2.5062
1.2805;-2.5103
1.3905;-2.5115
1.4626;-2.5164
1.5244;-2.5248
1.5794;-2.5257
1.6226;-2.5265
1.6541;-2.5272
1.6745;-2.5303
1.6812;-2.5337
1.5575;-2.5354
1.4075;-2.5374
1.1496;-2.5383
1.0148;-2.5435
1.2460;-2.5460
1.1021;-2.5466
0.9394;-2.5497
0.8894;-2.5524
0.9480;-2.5535
0.9660;-2.5630
0.9976;-2.5754
0.9830;-2.5775
0.8972;-2.5786
0.9243;-2.5807
0.9467;-2.5843
0.9630;-2.5869
0.7623;-2.5877
0.8257;-2.5879
0.8811;-2.5882
0.9166;-2.5892
0.7957;-2.5949
0.6684;-2.5967
0.6443;-2.5970
0.6604;-2.5977
0.7423;-2.6005
0.7023;-2.6020
0.7504;-2.6047
0.7912;-2.6069
0.8286;-2.6081
0.6435;-2.6101
0.6907;-2.6122
0.6641;-2.6135
0.6544;-2.6166
0.6271;-2.6199
0.6331;-2.6248
0.6776;-2.6311
1.2208;-2.6335
1.3621;-2.6360
1.1606;-2.6412
1.2927;-2.6450
0.9146;-2.6471
1.0482;-2.6492
1.1649;-2.6519
1.0124;-2.6532
0.7526;-2.6562
0.8450;-2.6588
0.8665;-2.6608
0.9331;-2.6639
1.0137;-2.6651
1.0901;-2.6665
1.1744;-2.6688
1.2557;-2.6729
1.3527;-2.6774
1.4045;-2.6788
1.4497;-2.6811
1.4892;-2.6834
1.5209;-2.6870
1.5469;-2.6915
1.5733;-2.6926
1.4683;-2.6935
1.3003;-2.6951
1.1484;-2.6984
0.9792;-2.6996
0.9009;-2.7019
1.0087;-2.7085
0.9012;-2.7093
0.8833;-2.7096
0.9297;-2.7098
0.8631;-2.7100
0.8752;-2.7104
0.9540;-2.7138
0.9742;-2.7154
1.0103;-2.7166
0.9780;-2.7193
1.0034;-2.7237
0.9904;-2.7280
1.0303;-2.7318
0.9418;-2.7354
0.9589;-2.7370
0.9842;-2.7386
0.9730;-2.7395
0.8489;-2.7416
0.8976;-2.7451
0.9311;-2.7493
0.9516;-2.7558
0.7866;-2.7603
0.8295;-2.7679
0.8699;-2.7732
0.6376;-2.7759
0.5917;-2.7782
0.5850;-2.7804
0.6493;-2.7826
0.7441;-2.7858
0.8030;-2.7898
0.6344;-2.7926
0.5718;-2.7956
0.6958;-2.7984
0.6572;-2.8006
0.6293;-2.8028
0.5860;-2.8049
0.7329;-2.8072
0.7729;-2.8095
0.8123;-2.8116
0.8580;-2.8141
0.6880;-2.8166
0.7194;-2.8193
0.6600;-2.8216
0.6719;-2.8263
1.4816;-2.8353
1.5657;-2.8405
0.5896;-2.8451
0.5701;-2.8493
0.5895;-2.8529
0.6550;-2.8568
1.4274;-2.8610
1.5366;-2.8658
1.3049;-2.8701
1.4285;-2.8742
0.9448;-2.8832
1.1284;-2.8918
1.2622;-2.8942
1.0548;-2.8964
0.7625;-2.8975
0.8546;-2.8996
0.9135;-2.9067
0.9900;-2.9073
1.0588;-2.9075
1.1326;-2.9076
1.2119;-2.9077
1.2922;-2.9078
1.3319;-2.9079
1.3648;-2.9081
1.3939;-2.9083
1.4187;-2.9085
1.4449;-2.9086
1.3520;-2.9087
1.1950;-2.9088
1.0064;-2.9089
0.8860;-2.9090
0.8337;-2.9091
0.8178;-2.9092
0.7949;-2.9093
0.7532;-2.9093
0.9254;-2.9094
0.9559;-2.9095
0.8458;-2.9095
0.9151;-2.9096
0.9823;-2.9096
0.9869;-2.9097
0.9739;-2.9102
0.9825;-2.9117
0.9872;-2.9122
0.9831;-2.9123
1.0183;-2.9130
0.9955;-2.9194
1.0077;-2.9219
1.0503;-2.9224
1.0365;-2.9225
0.9668;-2.9227
0.9879;-2.9242
0.9776;-2.9250
0.9128;-2.9251
0.9398;-2.9252
0.9694;-2.9265
0.9580;-2.9277
0.8306;-2.9280
0.8575;-2.9281
0.8892;-2.9282
0.9225;-2.9284
0.8656;-2.9285
1.0054;-2.9286
1.0032;-2.9287
0.9972;-2.9288
0.9829;-2.9289
0.9616;-2.9290
0.9254;-2.9291
0.8771;-2.9292
0.8098;-2.9292
0.7293;-2.9293
0.6883;-2.9294
1.0055;-2.9295
1.0071;-2.9295
0.8565;-2.9296
0.5443;-2.9296
0.5894;-2.9297
0.6672;-2.9298
0.7822;-2.9298
0.8492;-2.9298
0.5429;-2.9299
0.5703;-2.9299
0.6478;-2.9300
0.5784;-2.9300
0.6512;-2.9300
0.5938;-2.9301
0.9941;-2.9301
0.9884;-2.9301
0.9720;-2.9302
0.9833;-2.9302
0.9784;-2.9302
0.9704;-2.9302
0.9718;-2.9302
0.9745;-2.9303
0.7567;-2.9303
0.7935;-2.9303
0.8398;-2.9303
0.8959;-2.9303
0.6960;-2.9304
0.7293;-2.9304
0.6565;-2.9304
0.6347;-2.9304
0.5327;-2.9304
1.6139;-2.9304
1.6105;-2.9304
1.6137;-2.9304
1.6397;-2.9305
0.4749;-2.9305
0.4748;-2.9305
0.5226;-2.9305
0.6191;-2.9305
1.5293;-2.9305
1.5842;-2.9305
1.3758;-2.9305
1.4545;-2.9305
0.9570;-2.9305
1.1786;-2.9305
1.2708;-2.9305
1.0623;-2.9305
0.7464;-2.9305
0.8443;-2.9305
0.9589;-2.9305
1.0175;-2.9306
1.0844;-2.9306
1.1505;-2.9306
1.2219;-2.9306
1.2492;-2.9306
1.2717;-2.9306
1.2919;-2.9306
1.3090;-2.9306
1.2237;-2.9306
1.0809;-2.9306
0.9117;-2.9306
0.7508;-2.9306
0.6890;-2.9306
0.7564;-2.9306
0.8116;-2.9306
0.6680;-2.9306
0.7006;-2.9306
0.9513;-2.9306
0.9713;-2.9306
0.8985;-2.9306
0.9447;-2.9306
0.9863;-2.9306
0.9857;-2.9306
0.9803;-2.9306
0.9833;-2.9306
0.9756;-2.9306
0.9813;-2.9306
1.0744;-2.9306
1.0205;-2.9306
0.9967;-2.9306
1.0084;-2.9306
1.0587;-2.9306
1.0415;-2.9306
0.9789;-2.9306
0.9849;-2.9306
0.9457;-2.9306
0.9686;-2.9306
0.9588;-2.9306
0.8817;-2.9306
0.9013;-2.9306
0.9450;-2.9306
0.9289;-2.9306
0.8982;-2.9306
0.8948;-2.9306
0.8956;-2.9306
1.0046;-2.9306
1.0061;-2.9306
1.0034;-2.9306
1.0046;-2.9306
1.0089;-2.9306
1.0054;-2.9306
0.9989;-2.9306
0.9822;-2.9306
0.9586;-2.9306
0.9165;-2.9306
0.8601;-2.9306
0.7753;-2.9306
0.7656;-2.9306
1.0088;-2.9306
1.0126;-2.9306
0.9093;-2.9306
0.9585;-2.9306
0.6300;-2.9306
0.7336;-2.9306
0.8501;-2.9306
0.9217;-2.9306
0.6358;-2.9306
0.7253;-2.9306
0.7837;-2.9306
0.6859;-2.9306
0.8289;-2.9306
0.7528;-2.9306
0.9760;-2.9306
0.9976;-2.9306
0.9961;-2.9306
0.9927;-2.9306
0.9880;-2.9306
0.9742;-2.9306
0.9750;-2.9306
0.9837;-2.9306
0.9767;-2.9306
0.9798;-2.9306
0.7655;-2.9306
0.8141;-2.9306
0.8715;-2.9306
0.9130;-2.9306
0.6921;-2.9306
0.7273;-2.9306
0.5931;-2.9306
0.6271;-2.9306
0.4393;-2.9306
0.3515;-2.9306
1.5714;-2.9306
1.4902;-2.9306
1.6235;-2.9306
1.5534;-2.9306
1.5969;-2.9306
1.5506;-2.9306
0.3203;-2.9306
0.3568;-2.9306
0.4503;-2.9306
0.5814;-2.9306
1.4971;-2.9306
1.4836;-2.9306
1.3390;-2.9306
1.3616;-2.9306
0.9403;-2.9306
1.1452;-2.9306
1.2000;-2.9306
1.0182;-2.9306
0.7352;-2.9306
0.8351;-2.9306
0.9663;-2.9306
1.0223;-2.9306
1.0828;-2.9306
1.1393;-2.9306
1.1573;-2.9306
1.1684;-2.9306
1.1760;-2.9306
1.0962;-2.9306
0.9699;-2.9306
0.8238;-2.9306
0.6890;-2.9306
0.5962;-2.9306
0.6045;-2.9306
0.7745;-2.9306
0.8849;-2.9306
0.6551;-2.9306
0.7506;-2.9306
0.9664;-2.9306
0.9754;-2.9306
0.9359;-2.9306
0.9591;-2.9306
0.9819;-2.9306
0.9777;-2.9306
0.9782;-2.9306
0.9767;-2.9306
1.0997;-2.9306
1.0823;-2.9306
1.1212;-2.9306
1.0231;-2.9306
0.9937;-2.9306
1.0067;-2.9306
1.0693;-2.9306
1.0505;-2.9306
0.9710;-2.9306
0.9774;-2.9306
0.9557;-2.9306
0.9556;-2.9306
0.9068;-2.9306
0.9396;-2.9306
0.9269;-2.9306
0.9338;-2.9306
0.9109;-2.9306
0.8999;-2.9306
0.9010;-2.9306
0.9783;-2.9306
1.0010;-2.9306
1.0022;-2.9306
1.0018;-2.9306
1.0031;-2.9306
1.0065;-2.9306
1.0100;-2.9306
1.0046;-2.9306
1.0070;-2.9306
1.0197;-2.9306
1.0188;-2.9306
1.0168;-2.9306
1.0028;-2.9306
0.9843;-2.9306
0.9422;-2.9306
0.8869;-2.9306
0.9165;-2.9306
1.0157;-2.9306
1.0246;-2.9306
1.0208;-2.9306
0.9892;-2.9306
1.0602;-2.9306
0.8318;-2.9306
0.9392;-2.9306
1.0158;-2.9306
0.8495;-2.9306
0.9421;-2.9306
0.9688;-2.9306
0.8972;-2.9306
0.9806;-2.9306
1.0372;-2.9306
0.9996;-2.9306
0.9988;-2.9306
1.0005;-2.9306
0.9769;-2.9306
0.9767;-2.9306
0.9773;-2.9306
0.9978;-2.9306
0.9949;-2.9306
0.9921;-2.9306
0.9881;-2.9306
0.9786;-2.9306
0.9812;-2.9306
0.9844;-2.9306
0.7797;-2.9306
0.8110;-2.9306
0.8531;-2.9306
0.9023;-2.9306
0.6721;-2.9306
0.7006;-2.9306
0.5649;-2.9306
1.2114;-2.9306
1.3304;-2.9306
1.2530;-2.9306
0.5219;-2.9306
0.3213;-2.9306
0.1810;-2.9306
0.1236;-2.9306
1.4553;-2.9306
1.4149;-2.9306
1.4640;-2.9306
1.4241;-2.9306
0.1436;-2.9306
0.2451;-2.9306
0.5835;-2.9306
0.3978;-2.9306
1.3380;-2.9306
1.2184;-2.9306
0.9214;-2.9306
1.0718;-2.9306
0.7687;-2.9306
0.9547;-2.9306
1.0033;-2.9306
1.0513;-2.9306
1.0563;-2.9306
1.0523;-2.9306
0.9799;-2.9306
0.8725;-2.9306
0.7524;-2.9306
0.6453;-2.9306
0.5777;-2.9306
0.5694;-2.9306
0.6379;-2.9306
0.8724;-2.9306
0.9259;-2.9306
0.7412;-2.9306
0.8646;-2.9306
0.9666;-2.9306
0.9487;-2.9306
0.9714;-2.9306
0.9607;-2.9306
0.9748;-2.9306
0.9697;-2.9306
0.9754;-2.9306
1.1685;-2.9306
1.1439;-2.9306
1.1128;-2.9306
1.1050;-2.9306
1.1458;-2.9306
1.1389;-2.9306
1.0239;-2.9306
0.9867;-2.9306
1.0005;-2.9306
1.0870;-2.9306
1.0529;-2.9306
0.9585;-2.9306
0.9654;-2.9306
0.9379;-2.9306
0.9384;-2.9306
0.9173;-2.9306
0.9188;-2.9306
0.9461;-2.9306
0.9091;-2.9306
0.9195;-2.9306
1.0635;-2.9306
0.9645;-2.9306
1.0129;-2.9306
1.0015;-2.9306
1.0029;-2.9306
1.0048;-2.9306
1.0030;-2.9306
1.0108;-2.9306
1.0171;-2.9306
1.0075;-2.9306
1.0117;-2.9306
1.0412;-2.9306
1.0476;-inf
1.0560;-inf
1.0529;-inf
1.0508;-inf
1.0250;-inf
1.0848;-inf
1.0271;-inf
1.0444;-inf
1.1184;-inf
1.1489;-inf
1.1001;-inf
1.1651;-inf
1.0395;-inf
1.1297;-inf
1.0658;-inf
1.1442;-inf
1.1531;-inf
1.1129;-inf
1.1861;-inf
1.2220;-inf
0.9999;-inf
0.9994;-inf
1.0013;-inf
0.9777;-inf
0.9784;-inf
0.9796;-inf
0.9799;-inf
0.9823;-inf
0.9971;-inf
0.9946;-inf
0.9921;-inf
0.9851;-inf
0.9884;-inf
0.7376;-inf
0.7856;-inf
0.8346;-inf
0.8812;-inf
0.6115;-inf
0.6638;-inf
0.3918;-inf
0.4601;533.0302
1.1729;533.0302
1.2118;-39.4258
1.3284;-17.4555
1.2594;-17.7963
0.1762;-19.7135
0.0394;-16.8736
-0.0069;-16.9625
0.0530;-17.8015
1.3393;-17.2700
1.3247;-16.4820
1.2839;-17.5050
1.2189;-18.4485
0.1827;-19.3074
0.5945;-18.6035
0.3844;-16.2580
1.1288;-16.8820
0.9257;-17.4851
1.0332;-16.5123
0.8055;-16.4406
0.9248;-17.8264
0.9552;-17.6025
0.9462;-17.6880
0.8838;-18.2460
0.7976;-16.8639
0.7055;-17.3893
0.6262;-19.4630
0.5827;-19.0632
0.5888;-20.1758
0.6516;-18.7117
0.7519;-20.2595
0.9117;-19.9678
0.8625;-21.5383
0.9432;-18.4728
0.9179;-20.0663
0.9607;-22.0075
0.9487;-22.9190
0.9712;-18.3231
0.9655;-19.2435
0.9777;-17.3658
0.9752;-18.2864
0.9822;-17.4428
0.9812;-18.3634
0.9852;-18.5510
1.1167;-19.7684
1.0993;-18.3080
1.1446;-38.7538
1.1201;-40.0038
1.1565;-39.5474
1.1330;-18.7909
1.1114;-19.5958
1.1634;-18.6707
1.1523;-17.6623
1.0161;-20.9720
0.9754;-19.0917
0.9893;-17.6667
1.0839;-18.5132
1.0476;-18.9647
0.9413;-17.2690
0.9489;-16.8120
0.9164;-20.0161
0.9158;-17.3183
0.9004;-17.5066
0.8892;-17.3054
0.9313;-18.9554
0.9050;-18.7416
1.0874;-19.5310
0.9686;-18.1856
1.0242;-21.3352
1.0849;-19.4448
1.0030;-18.1061
1.0050;-17.3471
1.0055;-17.9290
1.0081;-18.7801
1.0181;-17.8980
1.0281;-18.8178
1.0125;-18.8118
1.0192;-18.0396
1.0747;-17.8488
1.0938;-16.7328
1.1190;-20.5204
1.1365;-16.4484
1.1629;-16.5052
1.2291;-16.2558
1.0440;-16.6208
1.0724;-16.6270
1.1541;-16.8316
1.2071;-18.6981
1.2165;-18.6892
1.2044;-17.0061
1.2509;-17.1352
1.2359;-18.3480
1.3007;-17.3583
1.2478;-16.0497
1.3281;-17.9051
1.2919;-19.1176
1.2828;-20.3478
1.3269;-18.1285
1.3417;-38.6556
1.0011;-19.6853
0.9993;-20.6733
1.0033;-17.2204
0.9806;-17.9206
0.9833;-16.7417
0.9830;-17.8042
0.9857;-18.9698
0.9888;-18.1145
0.9970;-17.8157
0.9945;-20.3470
0.9922;-19.4542
0.7168;-17.5736
0.7668;-17.3594
0.8115;-17.5827
0.8444;-17.3733
0.5313;-17.5364
0.5950;-19.2410
0.3944;-17.6777
0.3037;-17.1994
0.0914;-17.6899
1.1431;-18.3687
1.2069;-17.8217
1.1711;-17.2343
1.2535;-17.9459
1.2500;-20.1187
-0.0320;-18.1948
-0.0358;-19.1996
0.2378;-18.2148
0.0512;-18.1645
1.2312;-19.8972
1.1959;-17.9334
1.0835;-17.5146
1.1436;-16.9505
0.4658;-17.4508
0.7091;-17.6361
1.0153;-19.8060
0.9143;-18.1204
0.8496;-17.1733
0.9861;-17.4793
0.9888;-16.5359
0.8642;-17.9447
0.8141;-16.6836
0.7510;-17.0207
0.6891;-16.9675
0.6362;-18.6853
0.6149;-18.0458
0.6923;-16.7572
0.6315;-17.0122
0.7891;-15.8562
0.8828;-16.2510
0.9324;-15.9682
0.9578;-17.1778
0.9721;-17.4664
0.9799;-16.4775
0.9848;-17.7439
0.9877;-17.8800
0.9911;-19.4979
1.0753;-17.0370
1.0701;-17.3008
1.0622;-18.9869
1.0555;-20.6562
1.1012;-19.8731
1.0830;-17.8094
1.0502;-20.0111
1.0464;-17.0600
1.0443;-19.7513
1.0442;-17.3942
0.9734;-16.8020
0.9766;-17.9649
0.9885;-17.1842
1.0047;-21.2537
1.0212;-17.1024
1.0348;-19.4386
1.0433;-18.0526
1.0467;-19.0399
1.0478;-18.6416
1.1203;-16.5097
1.1017;-19.1694
1.1576;-17.2887
1.1672;-19.0807
1.1505;-17.1020
1.1433;-18.2229
1.1141;-17.0034
1.0949;-18.2169
1.0662;-16.3362
1.0514;-37.4798
1.0358;-19.3535
1.0257;-18.4051
1.0080;-17.3887
1.1402;-16.9107
1.1153;-18.1388
1.1722;-17.2684
1.1656;-16.7994
1.0063;-17.5755
0.9601;-18.6127
0.9757;-17.2717
1.0828;-17.8305
1.0420;-17.5926
0.9192;-18.5636
0.9284;-17.8161
0.8811;-17.6969
0.8797;-19.6084
0.8803;-18.6636
0.8621;-16.9113
0.9265;-17.1237
0.8876;-16.7315
1.0199;-16.6355
0.9585;-18.9068
1.0593;-16.3911
1.1308;-16.0766
1.0060;-16.6079
1.0088;-17.4034
1.0101;-17.8718
1.0140;-18.0290
1.0287;-16.4967
1.0437;-18.3518
1.0210;-16.7375
1.0306;-18.5690
1.1193;-17.8194
1.1558;-17.5744
1.2037;-17.4862
1.2543;-16.6830
1.3145;-16.8553
1.0666;-16.5402
1.1072;-16.2861
1.1973;-17.6881
1.1532;-17.3339
1.2684;-17.6103
1.2513;-17.2098
1.3360;-17.1842
1.3339;-16.9867
1.3805;-16.5830
1.3940;-17.9347
1.3938;-18.6012
1.4231;-18.0022
1.3562;-18.3611
1.3708;-19.6089
1.4162;-21.2785
1.3726;-18.0806
1.0016;-18.9218
1.0043;-19.5847
0.9994;-21.2542
0.9860;-18.4957
0.9890;-17.6554
0.9890;-19.4823
0.9922;-20.8740
0.9969;-19.0589
0.9945;-17.8640
0.6552;-18.8431
0.7051;-19.5764
0.7456;-17.1595
0.7714;-18.2888
0.4797;-19.1983
0.5517;-20.2288
1.1173;-16.4274
0.2670;-16.4615
0.3700;-16.5755
0.0696;-17.6301
-0.0072;-17.2743
1.1384;-39.3667
1.1958;-38.0934
1.1636;-37.8997
1.1872;-19.6736
1.1679;-20.4690
0.0179;-19.2710
0.3790;-20.0664
0.1648;-18.3873
1.1374;-20.7555
1.0522;-18.3279
1.0996;-19.2390
0.6503;-17.9771
0.8029;-17.1492
0.9870;-17.9991
0.9263;-17.3047
0.8917;-17.9196
0.9919;-16.5420
0.9939;-16.9092
0.9942;-20.8254
0.7528;-17.1980
0.7315;-18.1281
0.7030;-16.8608
0.6910;-16.5479
0.6934;-16.9165
0.7841;-40.0783
0.7254;-39.9273
0.8829;-39.5029
0.9419;-39.3583
0.9617;-20.6800
0.9784;-38.3179
0.9839;-39.8690
0.9886;-19.7789
0.9891;-18.4092
0.9902;-16.6413
0.9924;-16.6443
1.0714;-16.1781
1.0629;-17.3091
1.0559;-17.1862
1.0505;-19.5375
1.0861;-19.4237
1.0726;-17.4789
1.0465;-17.1945
1.0435;-18.1650
1.0441;-16.1404
0.9718;-16.4655
0.9773;-17.7740
0.9889;-17.4555
1.0040;-19.9378
1.0193;-18.1411
1.0317;-16.2111
1.0392;-16.2674
1.0414;-16.1330
1.0400;-16.3238
1.1004;-18.5747
1.0861;-16.4670
1.1532;-16.5533
1.1389;-17.6512
1.1640;-20.8997
1.1074;-18.3310
1.0852;-16.9110
1.0695;-16.2609
1.0523;-17.2045
1.0402;-16.7817
1.0252;-17.4269
0.9876;-17.7456
1.0041;-17.3903
1.1522;-19.1532
1.1202;-17.2740
1.1696;-18.3298
1.1612;-19.0676
0.9940;-16.5854
0.9429;-16.5808
0.9617;-16.7248
1.0828;-17.5998
1.0310;-18.7950
0.8869;-17.6668
0.9023;-16.7625
0.8541;-17.1706
0.8581;-17.9609
0.8584;-16.6830
0.8431;-17.3420
0.9057;-18.5478
0.8665;-19.2179
0.9883;-17.9992
0.9264;-18.5135
1.0880;-19.7186
1.0094;-18.5145
1.0075;-20.0825
1.0159;-18.8636
1.0233;-19.2808
1.0113;-19.4896
1.0193;-19.5167
1.0442;-19.3033
1.0653;-19.0249
1.0343;-17.9964
1.0473;-18.1558
1.1694;-18.6588
1.2243;-18.0269
1.2951;-16.3540
1.3319;-18.2774
1.0948;-18.7550
1.1456;-17.8232
1.0921;-17.0806
1.2086;-16.7957
1.1444;-17.4576
1.3021;-20.9265
1.2397;-19.2134
1.3751;-24.8946
1.3200;-23.1814
1.4183;-17.3135
1.3725;-17.8631
1.4280;-18.8227
1.3972;-16.6072
1.3407;-17.1124
1.4014;-16.1099
1.3501;-16.5695
1.3887;-19.7226
1.0019;-16.6575
1.0047;-17.2220
0.9994;-17.2924
0.9921;-16.4259
0.9942;-20.0514
0.9944;-16.7144
0.9968;-17.0413
0.6152;-17.5114
0.6640;-16.9135
0.7013;-16.0227
0.7154;-16.1778
0.4632;-16.8619
0.5387;-17.4659
0.3888;-16.5384
1.1299;-17.3389
1.1120;-18.6928
1.0966;-20.2052
0.2774;-18.5070
0.1299;-19.7006
0.1748;-18.3399
0.0840;-21.9408
1.1521;-18.1170
1.1417;-18.8085
1.1009;-18.5191
1.1241;-17.7820
0.3508;-16.8154
0.6184;-16.3223
1.0721;-16.6942
1.0196;-16.5677
0.7767;-18.0660
0.8697;-17.3255
0.9771;-19.1930
0.9425;-18.7208
0.9244;-17.9852
0.9962;-17.0375
0.9966;-18.0373
0.9968;-19.0078
0.9951;-16.7461
0.7182;-17.1279
0.7249;-16.6077
0.7586;-16.8551
0.7339;-17.4839
0.7971;-17.1027
0.8820;-17.4833
0.9388;-17.4503
0.9633;-17.0176
0.9797;-17.6680
0.9859;-17.2805
0.9900;-17.9692
0.9895;-18.6415
0.9884;-18.2348
0.9882;-18.3143
0.9917;-17.6192
1.0631;-18.4862
1.0559;-17.1317
1.0462;-17.1083
1.0503;-17.4733
1.0725;-18.5665
1.0627;-19.1819
1.0433;-18.1236
1.0389;-17.7238
0.9718;-18.0062
0.9778;-19.5544
0.9889;-18.8191
1.0027;-18.4451
1.0164;-16.4228
1.0271;-17.2650
1.0328;-16.2921
1.0333;-16.1479
1.0327;-16.7801
1.0841;-16.3767
1.0711;-15.9356
0.9663;-17.5906
1.1380;-18.0717
1.1543;-17.3907
1.1030;-17.8487
1.0833;-17.9408
1.0685;-18.3773
1.0572;-18.7379
1.0415;-18.3090
1.0260;-19.2033
0.9823;-17.7805
1.0022;-19.1366
1.1367;-17.5353
1.0990;-17.8068
1.1580;-18.1178
1.1402;-17.9314
0.9827;-17.9586
0.9244;-17.4215
1.0514;-17.9325
0.9932;-18.1258
0.8733;-17.7958
0.8444;-21.4642
0.8437;-18.2368
0.8817;-17.2491
0.9413;-17.4150
1.0157;-18.1988
1.0075;-17.2356
1.0139;-16.6638
1.0279;-18.2420
1.0395;-38.3052
1.0219;-19.8467
1.0312;-18.7323
1.0678;-18.0417
1.0931;-16.9778
1.0541;-17.7686
1.0743;-16.6661
1.2127;-17.2067
1.2802;-18.1401
1.2869;-16.6819
1.1323;-16.6836
1.1794;-15.8269
1.0731;-16.0736
1.1604;-16.1617
1.2449;-16.9155
1.2979;-15.9957
1.3340;-16.7980
1.3412;-18.9828
1.2871;-17.3556
1.3213;-19.0541
1.0018;-17.0186
0.9966;-16.0878
0.9991;-16.4353
1.0042;-18.3795
1.0093;-15.7889
0.9986;-15.6997
0.9991;-15.8798
0.6029;-16.3395
0.6517;-18.2638
0.6876;-15.9760
0.7196;-19.6218
0.4824;-19.0366
0.5568;-17.3964
0.3454;-18.8537
0.4476;-18.7608
1.1190;-18.0213
1.1038;-17.5773
1.0912;-18.8831
1.0801;-18.8823
0.2340;-19.5345
0.3841;-19.6985
0.2585;-20.4707
1.1086;-19.9056
1.0738;-18.1312
1.0939;-17.7597
0.6142;-17.9627
0.7668;-17.9113
1.0422;-17.6685
1.0050;-17.9539
0.8579;-18.7149
0.9139;-37.9360
0.9768;-39.0174
0.9571;-38.8097
0.9473;-18.2321
0.9994;-16.8405
0.9993;-16.9887
0.9974;-16.9585
0.9947;-18.3448
0.7451;-18.6708
0.8126;-17.9851
0.7765;-17.4931
0.8803;-17.4369
0.9314;-19.8650
0.9624;-17.1433
0.9800;-18.1153
0.9863;-16.7001
0.9905;-16.2244
0.9892;-16.4760
0.9868;-16.0557
0.9845;-16.4056
0.9854;-18.7013
0.9906;-17.0405
1.0553;-18.0925
1.0454;-18.7557
1.0497;-19.8316
1.0615;-16.8521
1.0542;-17.0659
1.0393;-16.0889
1.0333;-16.1286
0.9727;-15.5816
0.9786;-15.8353
0.9888;-15.8995
1.0012;-17.9110
1.0130;-17.9582
1.0216;-16.2732
1.0249;-19.9448
1.0262;-18.6622
1.0273;-18.6430
1.0685;-18.0657
1.0594;-18.8863
0.9408;-19.3964
0.9571;-19.0612
0.9206;-20.1137
1.1261;-21.4441
1.0975;-21.3971
1.1407;-17.4094
1.0810;-17.3471
1.0607;-19.2244
1.0426;-17.6189
1.0245;-17.3014
0.9766;-17.4546
0.9981;-17.8221
1.1080;-18.1679
1.0491;-17.7936
1.1335;-17.3440
1.0868;-17.8826
0.9427;-17.9401
0.8914;-17.5229
1.0013;-16.7450
0.9614;-17.6243
0.8511;-16.9384
0.8371;-17.5825
0.8425;-15.5628
0.8818;-17.7091
0.9284;-16.4514
0.9834;-17.3219
1.0251;-17.0016
1.0157;-16.6305
1.0236;-16.7783
1.0430;-16.6658
1.0579;-16.7901
1.0330;-17.3113
1.0446;-16.5808
1.1003;-17.2670
1.1347;-20.4661
1.0775;-16.8847
1.1015;-16.5307
1.2320;-16.3309
1.1753;-16.5196
1.1028;-15.6779
1.1694;-15.4508
1.2196;-17.1272
1.2527;-18.1532
1.2659;-16.6203
1.2497;-17.9947
1.2648;-16.1843
1.0012;-16.7317
1.0020;-16.0624
1.0054;-18.3428
1.0105;-16.3421
1.0167;-16.3490
1.0024;-15.5060
1.0023;-15.9484
0.6178;-17.3076
0.6784;-15.7162
0.7725;-17.2561
0.7266;-18.1782
0.5341;-16.7713
0.6034;-19.1833
0.5338;-19.3252
0.4402;-19.5816
0.3996;-18.6880
1.0836;-17.6701
1.0941;-17.8569
1.0849;-17.6036
1.0646;-19.4341
1.0748;-17.7485
0.4558;-16.9460
0.6480;-17.2512
1.0728;-17.1244
1.0475;-17.7736
0.7692;-17.0270
0.8547;-17.1585
1.0238;-17.2128
0.9983;-17.0530
0.9078;-17.4442
0.9416;-20.1095
0.9797;-22.1108
0.9681;-18.8053
0.9623;-20.0878
1.0018;-17.1853
0.9995;-17.3992
0.9971;-18.7631
0.9938;-17.6791
0.8153;-17.5332
0.8799;-16.9477
0.9258;-16.6840
0.9567;-16.1124
0.9769;-17.2011
0.9853;-16.3189
0.9901;-16.1551
0.9889;-16.1911
0.9858;-16.7289
0.9819;-15.7279
0.9806;-15.9757
0.9832;-19.0282
0.9889;-20.7261
1.0486;-17.0425
1.0525;-16.5582
1.0411;-16.2161
1.0339;-16.1771
1.0276;-16.0077
0.9745;-15.8837
0.9800;-16.5845
0.9891;-16.4788
0.9998;-17.9883
1.0096;-17.1969
1.0155;-18.0746
1.0189;-20.4676
1.0207;-17.5636
1.0215;-19.7949
1.0566;-18.5152
0.9288;-19.7859
0.9493;-18.2552
0.9019;-19.7408
0.9038;-18.9295
1.1167;-20.0765
1.0982;-20.9397
1.0841;-18.8488
1.0598;-20.0595
1.0396;-21.7291
1.0206;-20.1844
0.9704;-18.8295
0.9946;-19.6326
1.0413;-17.4627
1.0120;-17.2142
1.0651;-18.0447
1.0416;-17.4710
0.9167;-17.2007
0.8726;-17.1918
0.9840;-17.6505
0.9474;-18.5239
0.8385;-17.7661
0.8293;-16.9825
0.8348;-17.4303
0.8663;-17.5970
0.9017;-17.1705
0.9500;-16.8353
1.0473;-20.5314
0.9782;-15.8450
1.0244;-16.5127
1.0335;-17.1916
1.0591;-16.7485
1.0769;-17.0753
1.0446;-20.5372
1.0577;-17.2877
1.1337;-16.6235
1.0980;-17.0964
1.1989;-16.8192
1.1474;-16.7138
1.1073;-17.3966
1.1541;-16.9428
1.2101;-17.2436
1.1878;-21.1475
1.2195;-17.1554
1.1789;-16.9958
1.0061;-19.2153
1.0109;-15.7478
1.0061;-15.7470
1.0169;-17.3410
1.0241;-17.9165
1.0057;-18.9979
1.0046;-16.3583
0.6797;-17.3942
0.8025;-16.8438
0.7465;-16.8613
0.6078;-17.1525
0.6989;-20.3268
0.5680;-16.7341
0.5687;-16.9202
0.6352;-15.8850
1.0750;-15.9158
1.0663;-16.9518
1.0600;-16.2100
1.0680;-17.1395
0.6824;-18.4169
0.7869;-17.0081
1.0510;-18.2849
1.0306;-21.0228
0.8544;-18.1792
0.9049;-17.6716
1.0129;-17.0071
0.9956;-18.9747
0.9369;-17.2503
0.9581;-17.2187
0.9832;-17.5304
0.9757;-17.6524
0.9712;-18.8562
1.0013;-17.9903
0.9988;-17.8211
0.9961;-22.4627
0.9924;-19.2951
0.8732;-18.0431
0.9194;-19.0601
0.9508;-18.4874
0.9709;-18.5608
0.9831;-18.5906
0.9891;-17.2093
0.9886;-16.6917
0.9855;-17.2785
0.9808;-16.6903
0.9778;-16.7596
0.9780;-16.4685
0.9811;-16.5290
0.9872;-16.1591
1.0425;-16.6762
1.0446;-16.0473
1.0347;-16.1303
1.0278;-16.6669
1.0219;-16.1687
0.9772;-16.4962
0.9821;-16.7286
0.9900;-18.6874
0.9990;-19.0347
1.0064;-17.1040
1.0117;-16.5215
1.0145;-16.4767
1.0163;-16.5018
1.0169;-16.3739
1.0447;-17.8110
0.8641;-16.9923
0.9143;-17.6055
0.9391;-17.0983
0.8702;-16.2103
0.8834;-17.3200
1.0702;-17.3831
1.0518;-20.2389
1.0540;-17.7439
1.0343;-18.0473
1.0189;-17.1549
0.9685;-17.9505
0.9963;-20.6392
1.0232;-23.0918
1.0065;-24.8764
1.0393;-23.6690
1.0382;-19.2958
0.9054;-20.4391
0.8640;-25.4536
0.9824;-23.3407
0.9474;-38.6557
0.8302;-25.1253
0.8204;-40.2893
0.8229;-39.6899
0.8504;-41.3370
1.0536;-19.8305
0.8891;-19.7225
0.9173;-19.7835
0.9992;-19.9241
0.9384;-20.2320
1.0327;-20.6854
1.0428;-18.1831
1.0746;-18.8618
1.0540;-19.7677
1.1081;-18.8022
1.0800;-19.2075
1.1511;-17.6642
1.1106;-18.5355
1.0993;-19.2607
1.1648;-17.6059
1.1355;-18.5546
1.1433;-19.3804
1.1204;-20.3425
1.0527;-18.1797
1.0107;-18.2622
1.0162;-17.3755
1.0097;-18.2031
1.0307;-18.5262
1.0230;-16.7885
1.0080;-16.7637
1.0036;-17.2324
0.7755;-17.6689
0.7301;-17.2874
0.8557;-16.5084
0.6751;-16.7994
0.7345;-17.1306
1.0607;-16.8505
1.0479;-19.4248
1.0437;-17.3094
0.7999;-17.0754
0.8564;-18.4545
1.0349;-17.1410
1.0194;-18.1577
0.9015;-18.3415
0.9316;-16.8716
1.0064;-17.5213
0.9947;-16.9613
0.9537;-17.5420
0.9667;-17.4267
0.9863;-17.0475
0.9804;-17.7839
0.9758;-17.0348
1.0002;-17.5663
0.9974;-18.4592
0.9943;-16.8840
0.9904;-17.4325
0.9099;-16.6871
0.9431;-16.5653
0.9654;-18.2579
0.9785;-16.4780
0.9866;-17.3923
0.9879;-17.0567
0.9857;-19.3451
0.9812;-16.6178
0.9773;-17.7261
0.9758;-17.8192
0.9765;-16.9666
0.9796;-17.9780
0.9853;-16.6137
1.0347;-17.3692
1.0340;-19.2746
1.0274;-17.2258
1.0214;-18.8049
1.0164;-17.6770
0.9807;-18.3139
0.9849;-17.5814
0.9916;-18.0663
0.9990;-17.7188
1.0053;-17.8768
1.0087;-16.9310
1.0111;-17.9153
1.0121;-18.2459
1.0122;-17.2939
1.0312;-18.7610
0.8297;-17.5055
0.8371;-17.8077
0.9046;-16.6557
0.9346;-17.9128
0.8467;-17.1737
0.8667;-18.9310
1.0422;-17.6861
1.0435;-17.9963
1.0351;-17.2682
1.0241;-16.7760
0.9736;-18.1687
1.0075;-16.9728
1.0351;-17.3511
1.0202;-17.0660
1.0537;-16.8882
1.0649;-16.8627
0.8060;-17.1264
0.9048;-16.6283
0.8613;-16.7765
0.9957;-17.4735
0.9579;-16.9645
0.8238;-17.5678
0.8108;-17.9755
0.8109;-17.1735
0.8431;-17.6350
1.0071;-17.9945
0.9539;-17.5971
0.8614;-17.8607
0.8789;-17.6757
0.8930;-17.1192
1.0402;-17.1718
1.0580;-17.6250
1.0420;-18.8621
1.0804;-18.9058
1.0577;-17.0990
1.1045;-16.7457
1.0748;-16.6811
1.0891;-17.7315
1.0854;-17.8395
1.0810;-17.8758
1.0706;-17.1455
1.0136;-17.3881
0.9667;-16.6415
1.0148;-17.8968
1.0277;-17.0889
1.0126;-20.0613
1.0211;-20.5113
1.0063;-21.5200
1.0019;-19.9118
0.8324;-19.1517
0.7915;-19.3295
0.8927;-20.9729
0.8396;-20.4918
0.8757;-20.3010
1.0311;-18.4909
1.0210;-18.0428
1.0215;-17.6465
0.9131;-17.2303
0.9355;-17.2867
1.0106;-17.4594
1.0034;-17.8443
0.9558;-18.3394
0.9665;-18.8859
0.9959;-19.1712
0.9912;-18.8374
0.9750;-17.7059
0.9866;-17.5860
0.9812;-18.0478
0.9977;-16.7891
0.9945;-17.5476
0.9911;-17.9686
0.9873;-17.2793
0.9337;-18.0474
0.9579;-16.5626
0.9737;-18.8136
0.9824;-17.2348
0.9865;-17.7504
0.9860;-17.1440
0.9826;-17.5765
0.9790;-18.2680
0.9768;-16.4844
0.9758;-16.4128
0.9766;-16.8120
0.9794;-16.7828
0.9827;-16.8135
1.0260;-16.5174
1.0230;-16.6432
1.0199;-17.5019
1.0153;-16.8763
1.0114;-18.0358
0.9849;-17.2000
0.9882;-17.5861
0.9943;-17.1893
1.0003;-20.2063
1.0038;-17.8415
1.0066;-16.6946
1.0080;-17.5235
1.0087;-17.7418
1.0085;-17.7030
1.0149;-17.6654
0.7995;-18.1335
0.8077;-18.0195
0.8943;-17.3567
0.9386;-18.9675
0.8240;-17.0943
0.8560;-17.7134
1.0434;-17.2005
1.0459;-16.6573
1.0712;-19.6685
0.9877;-17.5541
1.0417;-18.1485
1.0661;-16.6841
1.0502;-16.7807
1.1030;-15.6423
1.1175;-15.7848
0.7947;-16.1839
0.7823;-16.0279
0.9099;-17.7118
0.8604;-17.3561
1.0193;-17.8999
0.9726;-17.1425
0.8173;-18.9480
0.8029;-17.2076
0.8073;-18.9776
0.8160;-17.5526
0.9149;-18.0904
0.8219;-17.1051
0.8549;-23.2400
0.8351;-18.5019
1.0295;-18.4491
1.0408;-18.4014
1.0282;-17.9310
1.0527;-18.0339
1.0360;-17.6779
1.0627;-17.2996
1.0424;-17.0430
1.0282;-17.0723
1.0312;-16.9226
1.0337;-17.3982
1.0303;-16.8913
0.8825;-18.3379
0.9303;-20.6514
0.9612;-20.5728
1.0191;-19.0043
1.0110;-17.4752
1.0206;-17.2518
1.0042;-19.3071
0.9974;-17.1586
0.8713;-17.9469
0.9179;-21.3954
0.8986;-19.6657
0.9253;-18.3981
0.9432;-17.1370
1.0131;-17.3406
1.0094;-17.9707
1.0071;-17.4994
0.9592;-19.2578
0.9683;-17.4024
1.0016;-20.1091
0.9976;-17.5265
0.9753;-17.6074
0.9802;-20.3875
0.9938;-20.4458
0.9893;-19.1330
0.9853;-18.0340
0.9925;-18.2727
0.9882;-18.2326
0.9852;-17.8908
0.9826;-18.2662
0.9493;-17.1493
0.9669;-18.1806
0.9783;-19.0764
0.9833;-18.9894
0.9851;-17.8483
0.9840;-16.8690
0.9822;-17.3811
0.9803;-16.7338
0.9787;-18.2533
0.9782;-17.4909
0.9786;-19.6285
0.9796;-18.5282
0.9803;-18.7905
1.0171;-19.7063
1.0113;-19.2296
1.0131;-18.1063
1.0099;-18.4148
1.0074;-19.4380
0.9894;-19.1851
0.9925;-17.3820
0.9972;-16.8976
1.0000;-16.6221
1.0030;-16.7942
1.0044;-17.0213
1.0055;-17.4330
1.0055;-17.9992
1.0048;-19.0656
1.0068;-19.4584
0.7939;-18.1790
0.7976;-18.0184
0.9092;-17.9496
0.9797;-18.2372
0.8242;-18.3914
0.8807;-17.9338
1.0850;-17.3148
1.1418;-16.5458
1.0618;-16.4623
1.1460;-15.8479
1.1171;-16.3358
1.0918;-16.1823
1.1811;-16.1795
1.1969;-16.5227
0.8023;-16.5441
0.7807;-16.9345
0.7817;-16.6250
0.9142;-16.3740
0.8564;-16.3991
1.0451;-16.1063
0.9837;-16.5561
0.8085;-16.9111
0.7932;-18.5547
0.7728;-18.8164
0.7689;-17.0398
0.8185;-16.8133
0.7539;-16.4640
0.7910;-22.0974
0.7726;-18.1542
0.6790;-17.0981
0.6864;-17.5188
1.0194;-17.5032
1.0238;-17.3265
1.0149;-17.7572
1.0276;-19.9934
1.0162;-17.3151
1.0275;-18.2938
1.0150;-17.0562
0.9819;-18.0728
0.9905;-18.6278
0.9971;-17.7496
0.9983;-17.6589
0.8014;-16.2674
0.7353;-15.9670
0.8635;-17.6963
0.9065;-16.5592
0.9323;-16.4925
0.7705;-16.6762
0.7385;-18.2670
1.0112;-17.3119
1.0080;-18.9167
1.0018;-18.0987
0.9941;-18.2497
0.9881;-20.4896
0.9381;-17.4313
0.9515;-18.4859
0.9596;-18.1202
0.9641;-17.2914
0.9712;-16.6407
1.0047;-17.1459
1.0039;-16.8325
1.0015;-17.8507
0.9769;-17.0140
0.9809;-18.9983
0.9985;-18.4015
0.9951;-18.2138
0.9853;-17.6992
0.9918;-17.8760
0.9894;-17.4131
0.9840;-18.7573
0.9824;-18.5284
0.9817;-18.2121
0.9820;-17.8203
0.9741;-18.6828
0.9811;-17.3509
0.9846;-17.3067
0.9864;-17.2559
0.9863;-17.7115
0.9868;-17.3854
0.9866;-17.4961
0.9857;-17.2629
0.9848;-17.5290
0.9843;-17.5295
0.9839;-17.5361
0.9836;-19.7079
1.0084;-17.6062
1.0068;-18.7447
1.0056;-18.8228
1.0051;-17.9323
1.0039;-19.3708
0.9924;-17.0796
0.9948;-18.1162
0.9974;-17.8238
0.9998;-17.9352
1.0017;-17.6485
1.0030;-17.0324
1.0036;-17.1186
1.0036;-16.6582
1.0030;-17.8703
1.0034;-17.0430
0.7861;-18.4660
0.7969;-17.9514
0.9653;-18.3976
1.0702;-18.5883
0.8489;-18.3587
0.9399;-18.2632
1.2363;-18.4472
1.3058;-19.1233
1.1848;-20.9276
1.3036;-17.9092
1.1822;-17.0571
1.1320;-17.0823
1.3263;-18.3594
1.2923;-19.2523
0.7729;-21.6505
0.7683;-18.9205
0.7668;-20.2229
0.7660;-20.1965
0.7512;-17.7976
0.9098;-18.3050
0.8440;-17.9650
1.0635;-16.5532
0.9771;-18.3284
0.7827;-17.4469
0.7426;-16.4711
0.7106;-16.8138
0.7208;-16.3861
0.7061;-16.1050
0.6357;-16.3968
0.6209;-16.1934
0.6452;-16.2825
0.7223;-16.4777
1.0028;-15.9006
1.0079;-15.9181
0.9960;-15.8612
1.0061;-15.7128
0.9989;-16.8399
0.9994;-19.1353
0.9933;-16.7990
0.9495;-17.2865
0.9600;-19.3885
0.9694;-17.8564
0.9743;-17.9278
0.8212;-16.9542
0.8649;-18.4217
0.8931;-16.2280
0.9103;-16.3513
0.8242;-17.2146
0.8191;-17.2578
0.8202;-17.1096
0.9979;-17.8165
0.9897;-17.3959
0.9927;-17.3352
0.9841;-19.3509
0.9818;-18.3138
0.9692;-18.9776
0.9748;-19.0451
0.9782;-17.8049
0.9793;-17.6432
0.9826;-16.6827
1.0015;-17.7591
1.0014;-17.6278
0.9990;-16.7009
0.9862;-17.1731
0.9896;-18.8140
0.9964;-17.7649
0.9944;-18.3399
0.9928;-17.6118
0.9815;-18.1938
0.9818;-17.6002
0.9827;-16.9935
0.9848;-18.3818
0.9836;-17.7102
0.9873;-17.0412
0.9902;-16.6137
0.9912;-17.1385
0.9924;-16.7861
0.9931;-18.5102
0.9925;-16.9986
0.9914;-19.8701
0.9900;-19.3683
0.9889;-18.2303
0.9878;-17.9035
1.0046;-17.5512
1.0038;-17.5679
1.0029;-18.2682
1.0029;-17.5643
1.0022;-18.6505
0.9945;-17.4367
0.9957;-17.7070
0.9976;-20.2956
0.9992;-17.5879
1.0007;-17.8519
1.0016;-18.2187
1.0020;-21.6508
1.0017;-17.7244
1.0013;-18.2023
1.0014;-18.3591
0.7692;-18.7673
0.8099;-19.6676
1.0587;-18.2841
1.1934;-17.8980
0.9013;-18.7256
1.0244;-19.5893
1.3767;-17.2601
1.3856;-16.9258
1.3133;-17.7102
1.3732;-17.1690
1.2208;-17.3600
1.1104;-16.9616
1.3378;-17.1736
1.2321;-16.4968
0.7148;-17.5462
0.7121;-16.8089
0.7046;-17.6420
0.7097;-17.1645
0.6953;-19.1157
0.6781;-18.6803
0.8968;-19.7312
1.0010;-17.9042
0.8013;-19.1209
0.8684;-19.3936
0.7066;-18.3263
0.7499;-19.5613
0.6556;-18.1338
0.6568;-17.4629
0.6263;-17.8231
0.5892;-18.4864
0.6022;-19.7089
0.5873;-17.9486
0.6351;-18.8267
0.7214;-18.1222
0.8235;-16.8572
0.9866;-16.9069
0.9878;-18.4406
0.9817;-17.3828
0.9884;-16.0423
0.9808;-15.8160
0.9794;-16.0678
0.9781;-16.8579
0.9243;-17.3403
0.9371;-17.1002
0.9603;-18.1439
0.9489;-18.8625
0.8581;-16.1519
0.8439;-16.9446
0.8550;-16.0764
0.8696;-16.2618
0.8858;-21.2208
0.8439;-16.4454
0.8368;-17.3285
0.8716;-20.9290
0.9851;-18.2392
0.9817;-17.5264
0.9818;-19.0683
0.9808;-16.7665
0.9809;-16.4459
0.9817;-15.8531
0.9846;-16.4499
0.9864;-16.0351
0.9879;-17.2598
0.9912;-17.1862
0.9994;-18.1867
0.9979;-23.5091
1.0001;-18.0563
0.9942;-18.7333
0.9967;-17.5230
0.9965;-17.7556
0.9814;-18.4196
0.9828;-18.0760
0.9855;-17.2378
0.9885;-20.8969
0.9908;-18.4204
0.9961;-17.5504
0.9988;-18.7057
1.0005;-19.5934
1.0011;-20.2331
1.0002;-17.5969
0.9982;-18.6242
0.9962;-17.6356
0.9939;-17.6187
0.9919;-18.9250
1.0024;-18.4482
1.0020;-16.9926
1.0014;-16.9953
1.0015;-16.5380
1.0008;-18.5493
0.9955;-17.0769
0.9963;-21.3632
0.9974;-17.9927
0.9987;-19.0332
0.9996;-20.1860
1.0003;-18.0262
1.0002;-18.5830
0.9999;-18.2950
0.9999;-19.1443
1.0006;-18.0597
0.7605;-18.5482
0.8526;-17.1133
1.1642;-18.1127
1.2628;-18.9106
0.9722;-18.0365
1.1017;-16.8208
1.3698;-21.7619
1.2917;-18.0570
1.3087;-17.4049
1.2780;-16.8738
1.1117;-17.4916
1.1710;-18.4496
0.6615;-18.2829
0.6430;-21.3143
0.6607;-21.8042
0.7165;-16.8097
0.6621;-16.8494
0.6440;-17.2967
0.6153;-16.8280
0.9635;-17.0026
1.0340;-17.2515
0.8280;-16.7428
0.9212;-17.2607
0.7053;-16.7375
0.7962;-17.2713
0.6169;-16.9736
0.6806;-17.7681
0.5764;-19.6579
0.6092;-18.3203
0.5938;-18.7321
0.6482;-17.7338
0.7380;-18.0917
0.8331;-17.7586
0.8824;-17.8049
0.9790;-17.9493
0.9771;-17.4446
0.9751;-18.1440
0.9738;-18.5058
0.9710;-18.3114
0.9690;-17.2257
0.9648;-18.0773
0.9032;-17.3756
0.9446;-18.8450
0.9249;-20.3351
0.8619;-17.9311
0.8856;-18.4804
0.8411;-19.5587
0.8513;-19.4749
0.8931;-16.2858
0.8686;-17.0540
0.8466;-16.1289
0.8434;-17.2498
0.9035;-19.4855
0.9066;-18.1015
0.9801;-19.0615
0.9795;-17.2856
0.9778;-18.0184
0.9798;-16.7003
0.9811;-17.4046
0.9898;-17.7181
0.9953;-16.2306
0.9933;-18.1094
0.9963;-18.1171
0.9983;-17.9119
0.9992;-16.6483
1.0005;-16.7627
0.9991;-15.9661
0.9997;-17.8841
0.9827;-15.9345
0.9858;-15.9399
0.9891;-16.9669
0.9926;-16.0557
1.0013;-17.8645
1.0058;-18.2933
1.0094;-17.6706
1.0105;-18.7359
1.0092;-18.0348
1.0060;-18.1176
1.0024;-18.0154
0.9994;-18.1739
0.9968;-18.6526
1.0013;-19.8457
1.0011;-18.8116
1.0011;-20.4395
1.0005;-18.5497
0.9996;-20.3374
0.9960;-19.2602
0.9963;-18.3152
0.9971;-19.3933
0.9980;-20.2502
0.9987;-19.2459
0.9986;-18.9988
0.9984;-18.3890
0.9984;-16.7224
0.9985;-17.4389
1.0014;-16.6640
0.8058;-17.2743
0.9161;-18.4176
1.1808;-18.8095
1.1956;-16.6711
1.0311;-18.8814
1.0777;-19.9138
1.1886;-18.5817
1.1569;-16.6850
1.0780;-16.1776
1.0853;-19.3851
0.6112;-17.7470
0.6364;-16.5724
0.6922;-15.9120
0.7738;-17.8747
0.6426;-17.4203
0.6247;-16.3855
0.6132;-16.0963
0.6197;-16.8073
0.6672;-18.5986
0.9842;-17.9837
1.0160;-19.1415
0.8910;-19.4872
0.9484;-16.9658
0.7762;-16.8138
0.8723;-17.0827
0.6770;-16.8503
0.7734;-17.1583
0.6316;-16.9047
0.6987;-17.5531
0.6856;-16.7987
0.7684;-17.3197
0.8487;-17.3185
0.8926;-17.6717
0.9151;-19.0892
0.9745;-19.2837
0.9700;-18.6889
0.9718;-18.5979
0.9633;-20.5173
0.9662;-18.6570
0.9441;-19.4362
0.9501;-20.0281
0.9190;-19.4578
0.9296;-18.4711
0.8815;-17.0493
0.8624;-17.5237
0.8530;-17.0213
0.9023;-18.0877
0.8740;-18.4355
0.8591;-19.7733
0.8714;-17.2678
0.9005;-18.8697
0.9238;-18.4740
0.9231;-18.1360
0.9776;-18.7741
0.9758;-17.9493
0.9788;-17.8589
0.9804;-16.5251
0.9826;-16.6463
0.9990;-16.5068
1.0015;-17.0834
1.0055;-19.2648
1.0030;-18.0811
1.0011;-16.7501
1.0029;-18.2091
1.0029;-17.0396
0.9860;-17.1635
0.9894;-17.9713
0.9929;-17.5974
0.9968;-16.3649
1.0118;-18.6735
1.0163;-18.0150
1.0187;-17.2459
1.0178;-16.4258
1.0142;-16.2159
1.0091;-16.0204
1.0045;-18.4961
1.0009;-17.3259
1.0011;-16.0406
1.0017;-16.3058
1.0007;-16.5584
0.9959;-18.4562
0.9998;-17.9423
0.9985;-18.2315
0.9960;-18.1649
0.9966;-18.3427
0.9973;-17.8079
0.9970;-18.2734
0.9968;-20.2077
0.9967;-21.8308
0.9967;-18.8401
0.9971;-19.3224
1.0031;-19.0232
0.8703;-20.1507
0.9673;-19.5735
1.0792;-18.9628
1.0064;-19.0201
1.0608;-18.4714
1.0215;-18.6304
1.0226;-18.4223
1.0095;-17.0859
0.6478;-17.2992
0.6977;-16.8040
0.8454;-17.7622
0.7675;-18.1433
0.6671;-16.3760
0.6725;-16.1588
0.6865;-16.8692
0.7139;-20.0895
0.7054;-18.3026
0.7123;-16.0616
0.9777;-16.0235
0.9846;-20.9472
0.9275;-18.0526
0.9522;-16.8887
0.8666;-16.7260
0.9135;-18.0783
0.7895;-17.7932
0.8663;-18.5154
0.7467;-18.4336
0.8118;-17.6863
0.8070;-17.6965
0.8638;-17.6032
0.9016;-17.0022
0.9224;-16.7851
0.9329;-17.0575
0.9738;-16.9423
0.9688;-17.1616
0.9732;-18.1858
0.9551;-17.3957
0.9625;-17.6318
0.9383;-18.4789
0.9495;-18.3825
0.9178;-17.6654
0.9344;-18.3497
0.8836;-16.8864
0.8852;-18.2506
0.8948;-16.5873
0.9004;-17.6359
0.9176;-18.1225
0.9100;-18.4504
0.9187;-17.4852
0.9369;-17.0986
0.9367;-16.6393
0.9775;-17.1183
0.9770;-18.4507
0.9801;-18.5987
0.9825;-18.6253
0.9861;-19.2586
1.0075;-18.3730
1.0142;-17.1278
1.0072;-17.3902
1.0055;-17.5026
1.0055;-20.2942
0.9897;-20.8525
0.9932;-18.0939
0.9968;-20.1179
1.0007;-16.3830
1.0197;-16.5348
1.0228;-16.8187
1.0232;-17.4733
1.0202;-16.5863
1.0151;-16.7861
1.0093;-18.2970
1.0050;-16.4414
1.0013;-16.9090
1.0026;-18.8494
1.0003;-19.0746
0.9954;-17.5764
0.9954;-16.7855
0.9946;-19.5970
0.9932;-17.9906
0.9989;-16.9977
0.9973;-16.5140
0.9959;-16.2862
0.9954;-16.5565
0.9951;-18.0819
0.9949;-16.4953
0.9948;-18.1244
0.9949;-17.0485
0.9953;-18.1419
1.0047;-18.1219
0.9248;-18.5640
0.9675;-18.2720
0.9797;-18.5085
0.9736;-18.0497
0.7555;-18.6478
0.8608;-18.1069
0.8040;-19.3253
0.7221;-20.1278
0.7386;-19.5010
0.7944;-21.7960
0.7635;-20.2510
0.7464;-18.0704
0.7542;-18.3787
0.7653;-18.7853
0.9591;-18.1763
0.9337;-18.3928
0.9075;-18.6926
0.8733;-17.1878
0.8480;-16.8262
0.8797;-17.5359
0.9064;-18.3009
0.9249;-20.1961
0.9362;-16.5350
0.9422;-17.2546
0.9768;-16.5720
0.9683;-17.7312
0.9746;-17.1989
0.9584;-17.3686
0.9675;-18.7067
0.9473;-17.3813
0.9596;-16.5187
0.9355;-18.2576
0.9512;-16.7796
0.9155;-17.2242
0.9241;-18.4478
0.9431;-18.2912
0.9367;-18.1187
0.9346;-19.2530
0.9374;-17.0633
0.9453;-16.8353
0.9478;-17.1586
0.9799;-16.9853
0.9806;-18.0976
0.9826;-18.0453
0.9864;-19.7175
0.9899;-18.4255
1.0130;-18.1365
1.0095;-17.0144
1.0184;-17.8581
1.0082;-16.9632
1.0060;-17.8012
0.9934;-17.0879
0.9968;-17.3333
1.0002;-17.3957
1.0039;-18.1872
1.0218;-18.3608
1.0228;-17.3863
1.0215;-16.8020
1.0174;-17.1424
1.0124;-17.4148
1.0074;-19.8382
1.0013;-17.9669
1.0030;-18.3187
0.9998;-18.0058
0.9946;-18.6724
0.9923;-17.9980
0.9939;-18.0393
0.9895;-18.5221
0.9978;-17.0036
0.9956;-17.3038
0.9935;-17.6008
0.9931;-16.7937
0.9929;-16.4258
0.9926;-16.5736
0.9927;-16.6282
0.9931;-16.6605
1.0038;-17.2806
0.9186;-18.9046
0.9386;-16.8955
0.9449;-17.1733
0.9390;-18.0117
0.8309;-18.2500
0.8816;-17.0513
0.7811;-17.3406
0.8269;-17.3226
0.8012;-17.5826
0.7849;-17.6613
0.7924;-17.2310
0.8163;-17.2219
0.8030;-16.9240
0.8201;-18.0410
0.9269;-19.1199
0.9086;-19.0148
0.8893;-18.8540
0.8707;-17.6754
0.8915;-18.9332
0.9097;-19.7199
0.9250;-18.2326
0.9354;-18.4110
0.9423;-18.5764
0.9470;-18.4995
0.9794;-18.7260
0.9744;-18.8040
0.9697;-20.1786
0.9638;-18.0928
0.9592;-18.2660
0.9534;-19.0417
0.9549;-18.5199
0.9531;-18.3263
0.9506;-18.8634
0.9829;-17.7551
0.9867;-17.7256
0.9903;-17.7050
0.9936;-18.2616
0.9815;-18.9992
1.0130;-18.4863
1.0158;-18.2304
1.0100;-19.1323
1.0072;-20.5133
1.0042;-18.6373
0.9968;-17.3864
0.9999;-21.5279
1.0057;-16.9869
1.0029;-17.9301
1.0171;-17.0785
1.0165;-18.4126
1.0147;-18.6066
1.0112;-18.1899
1.0078;-17.0566
1.0011;-16.5071
0.9988;-17.6569
1.0013;-16.8547
0.9917;-16.7547
0.9893;-16.8525
0.9914;-16.2495
0.9866;-19.0287
0.9963;-18.1743
0.9935;-17.5903
0.9911;-18.1110
0.9906;-17.3579
0.9901;-17.1078
0.9897;-18.4316
0.9898;-18.5905
1.0014;-19.2803
0.9142;-18.0912
0.9243;-17.9943
0.9263;-17.1417
0.9204;-17.3959
0.8629;-17.3994
0.8945;-17.4298
0.8326;-17.7676
0.8630;-17.9943
0.8271;-17.9498
0.8481;-19.1434
0.8362;-18.2516
0.8584;-18.6709
0.8523;-18.8002
0.9110;-17.1810
0.8978;-18.4685
0.8854;-18.4183
0.9005;-21.0767
0.9157;-18.4556
0.9280;-19.4174
0.9446;-18.4529
0.9376;-18.9319
0.9498;-20.7439
0.9789;-17.1311
0.9757;-16.5541
0.9720;-16.5694
0.9685;-16.7161
0.9800;-16.6284
0.9653;-16.7144
0.9627;-17.5271
0.9634;-17.2380
0.9656;-17.8819
0.9664;-17.7262
0.9863;-17.8733
0.9905;-18.2102
0.9941;-16.7776
0.9975;-17.4930
0.9818;-18.3424
0.9868;-17.2900
1.0117;-17.4526
1.0077;-17.1012
1.0119;-17.9053
1.0044;-17.3462
1.0013;-17.8325
1.0007;-17.1524
1.0060;-17.4021
1.0036;-19.1689
1.0112;-19.3063
1.0098;-19.0787
1.0075;-17.9325
1.0068;-18.2629
0.9831;-18.2372
0.9987;-17.9810
0.9985;-18.4198
0.9958;-18.6952
0.9892;-20.0061
0.9889;-19.5040
0.9869;-21.3948
0.9847;-19.2620
0.9928;-19.5996
0.9880;-19.8084
0.9883;-19.0371
0.9874;-18.0253
0.9857;-18.7902
0.9838;-18.9723
0.9983;-18.6919
0.9137;-17.1684
0.9187;-19.3053
0.9184;-18.3445
0.9130;-18.5606
0.8874;-20.7327
0.9066;-19.2843
0.8691;-19.8384
0.8914;-19.4619
0.8662;-17.5150
0.8843;-20.6453
0.8878;-17.5783
0.8820;-17.0534
0.9054;-19.4472
0.8958;-17.5336
0.9097;-17.8613
0.9223;-17.2595
0.9332;-16.6486
0.9483;-18.0327
0.9417;-18.9379
0.9675;-17.0721
0.9776;-16.6233
0.9753;-16.3769
0.9712;-17.0014
0.9729;-16.4919
0.9817;-16.5245
0.9802;-17.9503
0.9702;-16.8485
0.9723;-18.2357
0.9761;-16.8848
0.9782;-18.5748
0.9911;-18.7294
0.9950;-20.3077
1.0017;-19.2536
0.9985;-18.4314
0.9880;-17.7684
0.9922;-17.6559
1.0078;-17.6430
1.0042;-17.9736
1.0072;-18.9455
1.0011;-17.8228
0.9982;-18.0325
1.0046;-17.6421
1.0065;-20.1372
1.0060;-18.1557
1.0060;-18.1347
1.0062;-17.5467
0.9896;-16.6974
0.9851;-18.1169
0.9842;-16.4845
0.9875;-18.6095
0.9955;-17.8275
0.9948;-18.2665
0.9912;-17.9263
0.9871;-17.9949
0.9855;-19.2027
0.9867;-16.9501
0.9845;-16.8226
0.9861;-21.4263
0.9798;-18.0689
0.9855;-18.4248
0.9831;-17.1139
0.9787;-16.5726
0.9948;-16.9351
0.9174;-16.1935
0.9194;-16.5021
0.9178;-16.4743
0.9127;-17.0234
0.9082;-16.2801
0.9195;-16.7557
0.9008;-17.7901
0.9166;-17.8944
0.9012;-23.4453
0.9164;-17.4261
0.9095;-18.9134
0.9214;-18.6743
0.9412;-18.0617
0.9060;-17.0467
0.9188;-18.1163
0.9396;-17.9508
0.9303;-17.5383
0.9474;-17.0134
0.9679;-17.5012
0.9804;-17.3206
0.9786;-19.2506
0.9764;-17.9090
0.9773;-18.8269
0.9831;-17.2155
0.9821;-17.7287
0.9773;-18.6294
0.9803;-17.5215
0.9843;-17.8334
0.9872;-18.2033
0.9961;-18.2994
1.0030;-18.6658
0.9997;-18.4585
0.9937;-18.8521
0.9975;-18.4230
1.0038;-18.7995
1.0013;-19.6495
1.0040;-19.4236
0.9986;-20.2322
0.9959;-19.1969
1.0064;-18.9157
1.0071;-18.7684
1.0044;-19.4551
1.0059;-18.6380
0.9916;-18.8141
0.9953;-21.6180
0.9935;-19.8451
0.9868;-17.8487
0.9861;-16.9907
0.9901;-19.3734
0.9895;-17.1705
0.9927;-16.7296
0.9906;-19.0083
0.9858;-17.3079
0.9912;-18.9428
0.9860;-17.2350
0.9860;-17.0201
0.9852;-17.6041
0.9869;-17.2945
0.9779;-18.0104
0.9754;-16.8543
0.9830;-17.2308
0.9782;-17.1519
0.9927;-17.7072
0.9248;-17.3450
0.9249;-17.6066
0.9222;-17.9887
0.9168;-21.4244
0.9278;-21.4055
0.9339;-19.6161
0.9296;-19.8401
0.9407;-18.6139
0.9340;-18.5749
0.9466;-18.2688
0.9511;-17.8791
0.9632;-18.6907
0.9751;-18.9573
0.9866;-18.0944
1.0111;-17.6276
0.9293;-20.0664
0.9474;-17.3739
0.9393;-17.4923
0.9697;-16.1382
0.9828;-15.9931
0.9904;-15.7975
0.9814;-16.9163
0.9855;-16.7793
0.9820;-19.2717
0.9943;-20.1662
0.9836;-17.8112
0.9869;-17.4569
0.9909;-18.9182
1.0011;-17.3417
0.9991;-16.9866
1.0051;-16.0947
1.0018;-16.3057
1.0032;-16.3449
0.9999;-16.2965
0.9957;-16.3325
0.9975;-16.9678
1.0076;-16.5839
1.0073;-18.0474
1.0051;-16.7958
0.9969;-16.7919
0.9956;-19.2634
0.9891;-20.3256
0.9923;-17.2244
0.9953;-16.8997
0.9869;-17.4925
0.9790;-18.2287
0.9900;-17.7970
0.9867;-17.6644
0.9856;-17.1624
0.9892;-17.8042
0.9928;-17.3754
0.9755;-19.9447
0.9772;-18.2850
0.9826;-18.0160
0.9940;-18.5265
0.9984;-17.0188
1.0023;-17.0867
1.0131;-16.4442
0.9352;-16.6875
0.9337;-17.0280
0.9410;-17.5356
0.9298;-18.1735
0.9477;-18.1492
0.9499;-19.0282
0.9574;-18.8605
0.9647;-23.9201
0.9751;-19.7355
0.9838;-18.1897
0.9987;-17.2765
1.0088;-18.6033
1.0238;-17.4757
1.0353;-17.1720
1.0450;-19.0257
1.0582;-19.4611
1.0731;-18.3058
0.9498;-18.9230
0.9728;-17.8514
0.9868;-17.4434
0.9947;-21.3107
0.9986;-18.6430
1.0002;-17.9881
0.9858;-18.9175
0.9893;-18.0701
0.9871;-17.2784
0.9962;-18.2076
0.9890;-17.9016
0.9923;-17.5306
1.0035;-20.7885
1.0014;-18.0061
1.0067;-18.7092
1.0016;-19.6036
0.9987;-20.4534
1.0002;-18.7127
1.0082;-20.0443
1.0041;-20.0191
1.0069;-20.2722
0.9995;-18.1943
0.9924;-18.2171
0.9954;-18.2406
0.9987;-18.8407
0.9975;-17.9180
1.0021;-18.3069
1.0035;-18.7426
1.0041;-18.9900
1.0160;-20.4027
0.9829;-18.1863
0.9885;-18.1596
0.9793;-17.4221
0.9904;-18.4140
1.0023;-17.9079
0.9961;-17.3131
0.9801;-18.0608
0.9893;-17.2886
0.9844;-17.4774
0.9954;-16.1460
1.0014;-15.5519
1.0049;-15.9856
1.0063;-16.1633
1.0168;-17.4056
1.0126;-18.4294
0.9481;-18.2647
0.9548;-17.3252
0.9451;-17.5076
0.9685;-17.8383
0.9675;-16.4575
0.9894;-16.6191
0.9898;-17.1065
1.0160;-18.2861
1.0174;-17.7976
1.0440;-19.4061
1.0470;-20.8162
1.0688;-18.4365
1.0736;-21.9147
1.0856;-20.1229
1.0928;-18.4450
1.0919;-18.2378
1.1008;-17.4961
1.0962;-18.8402
0.9788;-17.8868
0.9932;-16.9008
1.0015;-17.6077
1.0052;-16.4364
1.0054;-16.7280
1.0049;-18.1776
1.0003;-18.0249
0.9966;-17.1161
0.9899;-17.4964
0.9928;-16.6878
0.9914;-17.0349
0.9934;-16.5598
1.0053;-16.6919
1.0032;-16.3017
1.0074;-16.4098
1.0028;-16.4555
1.0044;-17.0733
1.0058;-18.1466
1.0078;-19.0211
1.0012;-18.1521
0.9998;-18.0135
0.9955;-17.7699
0.9972;-18.2645
0.9989;-17.2093
1.0049;-17.6945
1.0046;-16.9052
1.0051;-17.1580
1.0061;-17.1396
1.0180;-17.1409
1.0186;-18.4615
0.9860;-17.6438
0.9940;-20.5314
0.9867;-17.4065
0.9989;-17.8033
0.9947;-18.0948
1.0052;-18.3595
0.9901;-17.6583
1.0018;-17.7518
1.0061;-17.9588
1.0084;-18.3653
1.0115;-17.2963
1.0168;-22.3289
1.0200;-19.6919
1.0030;-20.2444
0.9998;-18.0593
1.0018;-18.1244
0.9642;-18.0197
0.9872;-17.7603
0.9887;-18.0392
1.0156;-18.1202
1.0455;-17.5286
1.0746;-19.4174
1.0949;-19.0289
1.1064;-17.9464
1.1023;-17.8031
1.0865;-17.4500
1.0034;-18.5111
1.0124;-18.5874
1.0154;-21.2020
1.0142;-18.8350
1.0115;-17.6698
1.0075;-17.7924
1.0049;-17.7157
1.0024;-17.5683
0.9968;-17.7513
0.9935;-17.4793
0.9950;-15.9432
1.0059;-17.3945
1.0066;-17.5223
1.0069;-15.6195
0.9959;-15.8052
0.9972;-16.6893
1.0037;-17.8111
1.0018;-21.7323
1.0005;-17.5384
0.9986;-17.7445
0.9997;-17.1561
1.0053;-17.9698
1.0048;-17.8867
1.0047;-18.4142
1.0052;-16.7296
1.0192;-17.7328
1.0064;-16.8128
1.0085;-16.7569
1.0196;-16.7505
1.0205;-16.7186
0.9951;-17.7401
1.0018;-17.2372
0.9981;-16.9660
1.0035;-17.7271
1.0082;-16.6359
1.0114;-16.4174
1.0114;-17.1898
1.0092;-17.0658
1.0158;-17.4932
1.0205;-16.8642
1.0220;-16.7431
0.9992;-16.7293
1.0004;-16.8004
0.9978;-16.8847
0.9990;-16.9224
1.0009;-17.0314
1.0103;-16.8193
1.0345;-17.0867
1.0234;-16.6228
1.0599;-16.8483
1.0773;-17.1517
1.0895;-18.3834
1.0863;-18.3714
1.0741;-17.8446
1.0573;-17.5996
1.0299;-18.0476
1.0281;-17.7429
1.0239;-18.2660
1.0163;-17.4349
1.0102;-17.8519
1.0064;-17.8263
1.0038;-18.5136
1.0020;-18.7154
0.9965;-19.4679
0.9975;-17.6751
0.9981;-17.7588
1.0050;-18.2834
1.0044;-18.6792
1.0035;-19.2144
0.9985;-19.4763
0.9993;-18.1694
1.0020;-18.1923
1.0010;-18.3875
1.0003;-18.4294
1.0041;-18.4301
1.0043;-20.6112
1.0048;-18.8954
1.0060;-21.5621
1.0195;-17.7745
1.0197;-17.6676
1.0079;-17.7400
1.0105;-17.1823
1.0204;-17.7835
1.0215;-19.4911
1.0062;-18.2034
1.0136;-18.1412
1.0109;-17.8054
1.0144;-17.6453
1.0153;-18.3100
1.0140;-18.7481
1.0195;-18.9557
1.0225;-18.1192
1.0231;-18.0505
0.9999;-17.9224
1.0002;-17.8775
0.9991;-18.0891
0.9996;-18.7363
1.0006;-16.2443
1.0447;-15.7278
1.0438;-16.4295
1.0604;-18.0064
1.0719;-19.5787
1.0708;-20.2101
1.0615;-16.4337
1.0483;-17.1969
1.0357;-18.3589
1.0385;-17.3956
1.0277;-18.3636
1.0177;-19.0366
1.0108;-18.8032
1.0068;-18.9490
1.0045;-16.6808
1.0026;-16.2124
1.0010;-16.3401
0.9987;-16.5263
0.9993;-20.2732
0.9992;-16.9950
1.0033;-17.1510
1.0023;-17.2315
1.0034;-17.6946
0.9999;-17.6309
1.0014;-18.9992
1.0006;-18.2024
1.0036;-17.7506
1.0040;-18.2936
1.0190;-16.8033
1.0051;-17.1592
1.0068;-17.7400
1.0191;-17.9746
1.0196;-17.4729
1.0090;-19.9730
1.0119;-19.4844
1.0203;-17.7830
1.0213;-18.0036
1.0174;-18.0391
1.0189;-19.3527
1.0214;-19.2666
1.0185;-19.7192
1.0152;-24.0733
1.0235;-20.4061
1.0224;-18.1786
0.9997;-17.6907
0.9998;-18.5810
0.9996;-17.9288
0.9996;-21.9511
0.9998;-19.3455
1.0547;-18.2468
1.0410;-20.0921
1.0555;-19.6666
1.0494;-18.5539
1.0396;-21.0442
1.0299;-19.2187
1.0232;-18.5354
1.0271;-17.8905
1.0167;-18.3190
1.0101;-18.4403
1.0064;-19.3206
1.0045;-17.6736
1.0027;-17.6266
1.0012;-17.1856
0.9998;-19.8960
0.9997;-18.5286
1.0001;-18.7970
0.9998;-18.2984
1.0025;-18.0595
1.0016;-18.6096
1.0027;-18.3845
1.0008;-17.7092
1.0029;-18.5185
1.0040;-18.8153
1.0181;-20.1586
1.0180;-18.2641
1.0053;-18.2562
1.0072;-18.0244
1.0182;-16.8415
1.0186;-16.1487
1.0094;-16.7697
1.0122;-16.4641
1.0192;-20.3800
1.0197;-16.9470
1.0218;-17.1653
1.0220;-17.7483
1.0195;-17.6258
1.0152;-18.2909
1.0203;-17.5864
0.9993;-17.6315
0.9991;-18.0024
0.9996;-17.4204
0.9992;-16.3634
0.9987;-16.5826
1.0378;-16.8080
1.0236;-16.9518
1.0314;-17.2955
1.0243;-16.6613
1.0193;-20.8654
1.0142;-17.9108
1.0143;-17.5936
1.0090;-19.9876
1.0055;-21.5719
1.0039;-18.4895
1.0024;-18.9203
1.0009;-20.2768
0.9996;-17.3253
0.9983;-18.2090
1.0001;-18.3090
1.0018;-20.7031
1.0008;-21.4299
1.0000;-18.1381
1.0018;-18.6558
1.0167;-18.8030
1.0025;-20.8668
1.0036;-18.6806
1.0165;-17.8696
1.0165;-17.8007
1.0049;-17.8082
1.0068;-18.5237
1.0166;-19.1438
1.0167;-18.0722
1.0090;-18.2839
1.0114;-18.0850
1.0168;-18.1351
1.0166;-17.9204
1.0189;-19.6960
1.0135;-20.0340
1.0162;-18.5447
0.9985;-19.1818
0.9979;-20.8278
0.9992;-16.7425
0.9984;-17.0791
0.9972;-17.5277
1.0191;-17.4166
1.0155;-18.7576
1.0120;-18.3035
1.0118;-20.0350
1.0091;-18.8018
1.0073;-18.4584
1.0045;-17.2540
1.0032;-17.8154
1.0018;-17.9492
1.0004;-18.7824
0.9992;-16.6920
0.9979;-16.5149
0.9966;-16.7277
1.0007;-18.0259
1.0010;-18.8656
0.9997;-18.7904
1.0150;-18.1926
1.0148;-16.8450
1.0016;-17.0387
1.0026;-17.3050
1.0146;-17.7238
1.0144;-17.6270
1.0040;-18.3636
1.0058;-17.2323
1.0142;-17.2063
1.0138;-16.6948
1.0078;-17.0854
1.0095;-17.2759
1.0132;-18.1491
1.0121;-17.0723
1.0103;-17.3045
1.0132;-17.8889
0.9973;-17.8074
0.9964;-21.4829
0.9987;-18.7565
0.9972;-19.4061
0.9952;-19.8385
1.0094;-19.9041
1.0074;-18.3488
1.0059;-19.9341
1.0054;-21.3645
1.0034;-18.8885
1.0023;-19.7847
1.0011;-21.2434
0.9998;-18.5132
0.9986;-19.2011
0.9974;-17.9943
0.9960;-18.4020
0.9944;-17.9816
0.9998;-18.4866
0.9980;-18.4408
1.0000;-18.3668
1.0129;-23.7844
1.0126;-18.1538
1.0008;-19.4922
1.0020;-18.3077
1.0123;-17.9559
1.0117;-19.5491
1.0038;-18.9381
1.0057;-18.7300
1.0111;-17.9320
1.0101;-19.3189
1.0073;-18.2694
1.0089;-19.8693
1.0075;-16.9467
1.0114;-17.4651
1.0111;-17.4246
0.9958;-17.4622
0.9941;-19.0818
0.9960;-17.8362
0.9938;-18.3909
0.9928;-17.8484
1.0044;-17.8814
1.0024;-18.8358
1.0032;-19.1246
1.0014;-24.4352
1.0003;-16.4326
0.9992;-16.8250
0.9981;-16.5614
0.9969;-19.4611
0.9955;-18.5392
0.9916;-18.3202
0.9937;-17.5606
1.0096;-17.2010
0.9979;-17.6016
0.9982;-16.7679
0.9953;-17.9742
1.0107;-21.4866
1.0101;-19.5052
0.9994;-17.5678
1.0010;-17.3825
1.0094;-18.1038
1.0085;-18.2993
1.0029;-21.4422
1.0036;-17.6370
1.0073;-18.0832
1.0058;-19.4200
1.0041;-18.4329
1.0093;-20.1203
1.0088;-19.1677
0.9917;-20.8862
0.9899;-18.7346
0.9927;-20.9356
0.9902;-21.0961
0.9885;-19.9533
1.0015;-18.7100
1.0005;-18.9957
0.9995;-18.3781
0.9985;-17.9461
0.9975;-17.7929
0.9966;-18.8990
0.9886;-20.5939
0.9953;-20.8289
0.9906;-20.7865
0.9935;-18.9492
1.0079;-19.1205
1.0076;-19.5116
1.0065;-19.6443
0.9954;-18.6087
0.9925;-20.6839
0.9963;-18.0650
1.0081;-17.5665
1.0073;-18.2513
0.9979;-17.9922
0.9987;-18.6630
1.0061;-17.3886
1.0046;-19.5675
0.9995;-17.9482
1.0028;-18.5978
1.0003;-18.1662
1.0071;-18.5275
1.0064;-18.7717
0.9882;-17.7738
0.9871;-18.8182
0.9898;-19.7982
0.9875;-18.2608
0.9875;-18.6070
0.9997;-18.4458
0.9986;-17.3173
0.9975;-18.0506
0.9967;-16.7807
0.9958;-17.4289
0.9944;-17.1732
0.9905;-18.0452
0.9899;-17.6474
0.9926;-17.9876
1.0062;-17.5317
1.0056;-18.7898
1.0053;-19.0093
1.0050;-16.7965
0.9933;-19.1919
0.9938;-18.3892
0.9898;-18.1296
1.0054;-18.3924
1.0040;-18.9229
0.9946;-19.2613
0.9959;-18.8808
1.0023;-18.5495
1.0001;-18.4415
0.9974;-19.3712
1.0049;-19.7583
1.0038;-19.1517
0.9865;-19.7674
0.9874;-19.1474
0.9875;-19.0043
0.9869;-19.4801
0.9898;-18.7599
0.9978;-18.0655
0.9966;-18.3887
0.9916;-18.1713
0.9960;-18.0767
0.9953;-18.4836
0.9942;-19.2152
0.9914;-18.0310
0.9929;-18.6862
1.0043;-19.7348
1.0044;-17.5070
1.0037;-18.6686
1.0040;-18.3216
1.0036;-17.8133
0.9903;-18.8378
0.9883;-17.9289
0.9916;-17.1576
1.0024;-18.8903
1.0005;-17.2526
0.9931;-17.4625
0.9981;-17.2266
0.9950;-19.9164
1.0026;-19.6322
1.0012;-18.9801
0.9880;-18.6545
0.9903;-18.2885
0.9879;-17.5708
0.9892;-18.4140
0.9921;-20.4501
0.9958;-19.3787
0.9958;-17.6635
0.9928;-17.7371
0.9935;-17.7522
0.9953;-16.9206
0.9947;-17.1825
0.9939;-17.3081
1.0036;-17.3629
1.0034;-17.9200
1.0028;-17.7557
1.0018;-20.3034
1.0030;-20.1502
1.0023;-18.4033
0.9897;-17.6981
0.9896;-17.5607
0.9917;-18.8702
0.9993;-17.6895
0.9970;-17.4716
0.9939;-17.1216
1.0005;-17.1704
0.9988;-17.1925
0.9913;-18.7733
0.9930;-18.3515
0.9909;-18.7029
0.9926;-18.1621
0.9943;-19.3972
0.9954;-18.6438
0.9962;-19.9237
0.9959;-20.4478
0.9946;-19.2817
0.9957;-19.8336
0.9954;-19.0327
1.0031;-19.2206
1.0031;-19.7111
1.0028;-19.3086
1.0015;-20.7394
1.0003;-18.3856
1.0024;-19.3273
1.0017;-18.3647
0.9917;-22.3683
0.9967;-18.6495
0.9929;-18.4032
0.9940;-19.8873
0.9990;-17.5546
0.9971;-17.5944
0.9941;-18.0272
0.9955;-17.7734
0.9942;-17.0647
0.9955;-17.3953
0.9966;-17.0561
0.9961;-17.0344
0.9974;-17.6488
0.9962;-17.0638
0.9964;-17.5137
0.9962;-16.8951
1.0029;-18.3787
1.0029;-18.4408
1.0028;-18.9345
1.0025;-17.3608
1.0009;-18.5871
0.9999;-17.2623
1.0020;-17.2337
1.0015;-17.0933
0.9950;-17.2225
0.9959;-17.3776
0.9987;-17.4407
0.9974;-18.5505
0.9967;-17.7175
0.9979;-19.8439
0.9970;-18.1366
0.9981;-17.1671
0.9990;-17.7007
0.9999;-17.3776
0.9981;-18.5225
0.9975;-18.0037
0.9978;-16.8987
1.0029;-18.3231
1.0029;-19.3404
1.0028;-38.2442
1.0026;-18.5898
1.0024;-18.7350
1.0008;-20.0395
1.0000;-18.4967
1.0020;-19.0456
1.0017;-19.9398
0.9981;-19.7350
0.9991;-19.7258
0.9993;-18.9932
1.0001;-19.7511
0.9993;-19.9850
1.0005;-20.0287
1.0002;-19.7274
1.0016;-19.7991
1.0017;-19.3906
1.0009;-18.9259
1.0004;-19.0509
1.0027;-19.7811
1.0030;-17.5968
1.0030;-18.0738
1.0029;-17.4159
1.0028;-17.4964
1.0027;-17.7929
1.0026;-21.8487
1.0013;-17.4490
1.0009;-17.4397
1.0025;-17.6127
1.0023;-17.3253
1.0011;-16.8742
1.0024;-18.5050
1.0018;-18.0343
1.0030;-16.2652
1.0028;-15.8396
1.0043;-17.6092
1.0038;-16.0198
1.0055;-17.7902
1.0055;-16.1133
1.0036;-16.5992
1.0068;-17.8056
1.0032;-18.0833
1.0032;-17.9938
1.0032;-19.8095
1.0031;-18.0870
1.0031;-17.6899
1.0030;-16.6311
1.0031;-16.9521
1.0023;-39.1947
1.0034;-16.5116
1.0033;-16.4647
1.0036;-15.9305
1.0045;-16.1042
1.0064;-19.3802
1.0048;-16.6996
1.0068;-16.7433
1.0072;-18.2026
1.0084;-15.6805
1.0088;-17.1754
1.0105;-16.9697
1.0098;-16.8776
1.0107;-17.1572
1.0118;-19.4274
1.0034;-17.7049
1.0034;-19.9155
1.0034;-18.1549
1.0035;-18.5990
1.0035;-19.0520
1.0036;-18.8976
1.0036;-18.5629
1.0040;-19.2557
1.0048;-18.3681
1.0067;-19.5226
1.0047;-18.5523
1.0061;-20.9688
1.0090;-19.5950
1.0088;-19.6463
1.0117;-19.6938
1.0118;-19.5216
1.0127;-21.3971
1.0137;-19.5880
1.0128;-19.2674
1.0139;-17.8127
1.0127;-17.2906
1.0129;-17.6031
1.0126;-17.4201
1.0036;-17.5000
1.0036;-17.9360
1.0036;-17.5832
1.0037;-17.1336
1.0039;-20.5139
1.0041;-17.7689
1.0043;-17.4231
1.0046;-16.8451
1.0054;-16.3474
1.0082;-16.8856
1.0068;-15.7623
1.0112;-14.7812
1.0091;-14.8714
1.0134;-15.2639
1.0110;-16.7655
1.0145;-15.7965
1.0123;-16.4896
1.0132;-17.4829
1.0120;-16.9164
1.0128;-18.9042
1.0121;-15.8816
1.0113;-15.6849
1.0106;-16.1556
1.0089;-17.5057
1.0036;-15.7217
1.0037;-14.9540
1.0037;-15.3230
1.0039;-15.3686
1.0041;-15.3282
1.0043;-15.6589
1.0051;-15.3458
1.0047;-15.7301
1.0058;-16.6140
1.0070;-15.1986
1.0084;-15.5127
1.0093;-15.9898
1.0101;-16.8553
1.0106;-17.6496
1.0099;-15.6818
1.0082;-18.1611
1.0067;-17.6915
1.0035;-18.5103
1.0036;-17.9374
1.0037;-18.3182
1.0038;-17.3839
1.0040;-17.8274
1.0043;-18.1065
1.0050;-18.4541
1.0046;-17.2572
1.0054;-17.7670
1.0056;-17.3750
1.0060;-18.1721
1.0062;-17.4816
1.0062;-17.2446
1.0059;-17.5937
1.0052;-17.3310
1.0053;-17.4236
1.0033;-17.6688
1.0034;-18.5281
1.0034;-19.0574
1.0036;-18.4796
1.0039;-19.7710
1.0037;-17.5070
1.0042;-15.9676
1.0040;-15.3622
1.0039;-16.2166
1.0039;-17.7305
1.0039;-17.3227
1.0039;-15.3555
1.0039;-15.5004
1.0044;-16.3375
1.0044;-17.1654
1.0030;-17.5613
1.0030;-14.8135
1.0031;-15.0465
1.0032;-15.4591
1.0034;-16.2239
1.0033;-15.3270
1.0030;-16.1350
1.0028;-16.5698
1.0027;-14.6289
1.0027;-14.6433
1.0028;-15.1567
1.0033;-15.4913
1.0036;-18.4834
1.0036;-13.8110
1.0026;-14.0116
1.0026;-14.6238
1.0027;-16.5274
1.0026;-14.0343
1.0027;-14.1744
1.0023;-14.8564
1.0020;-16.1786
1.0020;-18.1820
1.0020;-18.6431
1.0024;-21.8793
1.0028;-18.7919
1.0030;-19.1398
1.0030;-17.2127
1.0021;-17.2565
1.0021;-17.1142
1.0022;-17.1014
1.0022;-16.9664
1.0018;-17.2662
1.0016;-16.9135
1.0015;-17.1943
1.0017;-18.1286
1.0020;-17.2661
1.0023;-17.3736
1.0024;-17.9283
1.0023;-17.9330
1.0017;-20.2622
1.0017;-18.1560
1.0017;-18.6081
1.0014;-17.7427
1.0012;-18.2894
1.0013;-17.4746
1.0015;-18.0562
1.0017;-16.3665
1.0018;-15.3909
1.0019;-16.5039
1.0019;-17.0340
1.0014;-16.8292
1.0014;-16.3155
1.0011;-17.1157
1.0010;-18.4428
1.0011;-14.8383
1.0011;-15.3161
1.0013;-16.1121
1.0014;-16.7907
1.0015;-15.7736
1.0014;-15.0106
1.0009;-17.3891
1.0011;-17.2919
1.0009;-15.2769
1.0008;-16.4746
1.0007;-18.1296
1.0008;-14.6107
1.0007;-14.4953
1.0008;-19.1864
1.0006;-15.7064
1.0009;-17.0250
1.0007;-14.5429
1.0010;-15.1693
1.0007;-17.1487
1.0010;-17.9082
1.0008;-18.4245
1.0011;-17.6700
1.0009;-17.7617
1.0008;-17.4571
1.0007;-16.9622
1.0006;-17.3274
1.0006;-16.8454
1.0006;-17.1153
1.0005;-17.0778
1.0005;-17.2006
1.0005;-17.6820
1.0004;-18.6871
1.0005;-17.9392
1.0004;-18.8771
1.0006;-18.3083
1.0004;-17.1947
1.0007;-18.0856
1.0005;-17.0838
1.0008;-17.1718
1.0006;-17.4193
1.0005;-17.1398
1.0005;-17.3575
1.0004;-17.0323
1.0005;-15.3401
1.0004;-15.8592
1.0004;-14.7965
1.0004;-17.3365
1.0003;-16.1810
1.0003;-16.7769
1.0003;-15.1976
1.0002;-15.8718
1.0003;-16.3270
1.0002;-16.3743
1.0004;-17.5386
1.0002;-15.5666
1.0004;-15.7279
1.0002;-18.4093
1.0004;-17.7239
1.0004;-16.4307
1.0003;-17.8174
1.0003;-16.5193
1.0003;-17.3243
1.0003;-16.1061
1.0002;-16.3895
1.0002;-16.9778
1.0001;-16.2778
1.0001;-16.8570
1.0001;-17.8529
1.0001;-17.7040
1.0000;-17.4707
1.0001;-18.1227
0.9999;-17.4118
0.9999;-17.2106
0.9998;-18.4324
1.0002;-17.1172
1.0002;-17.5901
1.0001;-17.7163
1.0001;-18.1537
1.0001;-19.1272
1.0001;-18.6356
1.0000;-17.6441
1.0000;-17.5914
1.0000;-17.6425
0.9999;-17.5463
0.9999;-17.4522
0.9998;-17.3809
0.9998;-17.8846
0.9997;-17.2137
0.9996;-17.4609
0.9995;-17.4173
0.9994;-14.9068
1.0000;-15.3057
1.0001;-14.8686
0.9999;-16.0067
1.0000;-15.5458
0.9999;-16.4033
0.9999;-16.8228
0.9998;-16.0751
0.9999;-17.0763
0.9998;-19.1925
0.9998;-16.3264
0.9997;-17.4800
0.9996;-18.3431
0.9996;-17.5739
0.9994;-18.9978
0.9994;-17.2969
0.9992;-17.5315
0.9992;-16.8640
0.9998;-17.6042
0.9999;-17.7137
0.9997;-17.3550
0.9998;-17.6963
0.9997;-17.8047
0.9997;-18.1113
0.9997;-18.3337
0.9997;-17.8520
0.9996;-17.9092
0.9996;-20.5844
0.9996;-17.6711
0.9995;-18.0933
0.9995;-18.4600
0.9992;-19.6319
0.9993;-19.1765
0.9990;-18.4006
0.9991;-18.7330
0.9996;-19.2315
0.9997;-18.2261
0.9994;-19.4011
0.9996;-18.2706
0.9995;-21.1449
0.9996;-17.0040
0.9995;-15.3166
0.9995;-15.8843
0.9995;-17.2109
0.9994;-15.6189
0.9994;-17.5347
0.9993;-16.0246
0.9993;-16.9353
0.9992;-16.7120
0.9992;-16.9126
0.9990;-17.8269
0.9991;-18.8117
0.9993;-17.7865
0.9993;-20.0560
0.9994;-18.3692
0.9994;-18.0585
0.9994;-18.2152
0.9993;-18.3303
0.9992;-22.3584
0.9992;-18.1692
0.9991;-20.6983
0.9988;-18.1665
0.9990;-18.6743
0.9991;-17.7107
0.9991;-18.4877
0.9991;-19.5538
0.9991;-18.1321
0.9991;-18.2058
0.9991;-18.3234
0.9991;-18.2445
0.9984;-18.8010
0.9986;-18.3878
0.9988;-18.4446
0.9989;-19.5711
0.9990;-17.6963
0.9990;-18.6757
0.9990;-17.9400
0.9990;-18.7402
0.9990;-18.4278
0.9981;-16.0857
0.9984;-16.4143
0.9986;-16.6140
0.9987;-17.8755
0.9988;-17.0788
0.9989;-16.9853
0.9989;-18.0291
0.9989;-17.3296
0.9989;-17.6227
0.9979;-23.0042
0.9982;-17.8733
0.9984;-18.7378
0.9986;-18.7927
0.9987;-18.0556
0.9988;-17.6778
0.9988;-19.6670
0.9988;-18.3322
0.9988;-17.8817
0.9977;-17.9830
0.9981;-18.9608
0.9984;-20.3156
0.9985;-17.5833
0.9987;-18.3600
0.9987;-18.7246
0.9988;-17.6379
0.9988;-18.1729
0.9988;-17.3508
0.9977;-18.3668
0.9981;-17.9543
0.9984;-17.4197
0.9985;-17.6581
0.9986;-17.4581
0.9987;-17.7868
0.9988;-17.8090
0.9988;-18.0400
0.9988;-18.6166
0.9979;-16.8951
0.9982;-17.3690
0.9984;-17.1860
0.9986;-17.3957
0.9987;-17.3423
0.9987;-18.9199
0.9988;-18.7522
0.9988;-17.8231
0.9988;-18.1348
0.9982;-18.2667
0.9984;-17.6935
0.9982;-18.6491
0.9985;-19.0650
0.9986;-17.9648
0.9987;-18.5106
0.9988;-18.1973
0.9988;-18.4725
0.9988;-17.7214
0.9987;-21.0389
0.9981;-19.1299
0.9983;-18.5513
0.9984;-19.2169
0.9981;-18.4090
0.9984;-17.6059
0.9985;-17.9356
0.9986;-18.2897
0.9986;-17.8282
0.9986;-17.7086
0.9985;-17.7032
0.9979;-18.2038
0.9979;-18.0999
0.9982;-19.2441
0.9979;-20.0209
0.9982;-18.6030
0.9983;-19.0330
0.9984;-17.9810
0.9984;-19.1933
0.9982;-18.2987
0.9979;-17.9599
0.9977;-18.3475
0.9976;-18.9842
0.9973;-18.1028
0.9977;-18.7882
0.9980;-19.0918
0.9977;-18.4715
0.9981;-18.6215
0.9981;-21.7232
0.9979;-18.5767
0.9976;-19.7331
0.9971;-18.6382
0.9973;-19.4797
0.9973;-19.7602
0.9969;-19.8784
0.9969;-19.1483
0.9964;-18.9183
0.9974;-20.7156
0.9978;-18.6961
0.9970;-18.8289
0.9975;-18.3310
0.9971;-20.3497
0.9964;-18.9202
0.9954;-18.3803
0.9969;-20.0258
0.9965;-19.9925
0.9964;-20.2292
0.9958;-18.2356
0.9957;-20.3450
0.9950;-19.3477
0.9938;-19.3809
0.9958;-19.1163
0.9965;-18.8693
0.9956;-19.7690
0.9946;-19.0822
0.9946;-18.2713
0.9932;-20.8884
0.9951;-21.0130
0.9935;-18.6977
0.9941;-17.7523
0.9924;-19.3224
0.9934;-18.4592
0.9920;-17.9540
0.9919;-19.0461
0.9910;-18.2350
0.9886;-19.2061
0.9918;-19.0133
0.9932;-18.3149
0.9911;-18.1363
0.9890;-19.3427
0.9887;-21.0567
0.9902;-18.7135
0.9865;-19.4189
0.9899;-17.9827
0.9859;-18.3497
0.9892;-17.5218
0.9854;-18.4587
0.9878;-19.2652
0.9847;-17.7264
0.9851;-18.5894
0.9832;-18.8216
0.9793;-18.8538
0.9824;-18.2806
0.9862;-18.2275
0.9771;-18.2048
0.9832;-18.0745
0.9810;-18.2744
0.9734;-17.7969
0.9801;-18.4006
0.9709;-18.1358
0.9796;-18.0781
0.9699;-17.9933
0.9791;-17.9791
0.9698;-19.3557
0.9776;-18.4636
0.9702;-18.3520
0.9738;-18.5817
0.9697;-18.2013
0.9652;-18.3236
0.9662;-19.1302
0.9735;-18.7701
0.9602;-17.7346
0.9576;-20.3747
0.9567;-17.9279
0.9577;-17.6124
0.9601;-17.7681
0.9605;-18.5752
0.9598;-17.5558
0.9466;-19.4485
0.9363;-19.0017
0.9288;-19.2314
0.9269;-19.0051
0.9551;-19.5324
0.9289;-18.0932
0.9338;-18.4493
0.9423;-18.1914
0.9495;-19.5906
0.9209;-19.2354
0.9110;-18.6679
0.9061;-18.8454
0.9080;-21.5279
0.9532;-17.9828
0.9501;-18.8924
0.9154;-19.1086
0.9267;-19.2507
0.9424;-19.6524
0.9037;-21.6179
0.8973;-18.8255
0.8974;-18.2692
0.9050;-17.8192
0.9542;-19.3477
0.9521;-19.5653
0.9465;-17.8251
0.9190;-18.2443
0.9376;-18.0169
0.8995;-20.0992
0.8984;-19.3329
0.9044;-17.4808
0.9184;-18.0075
0.9567;-18.2253
0.9559;-17.8334
0.9516;-19.2612
0.9455;-21.3835
0.9383;-19.2451
0.9094;-17.8463
0.9140;-18.5221
0.9607;-19.3179
0.9256;-17.3652
0.9606;-18.2476
0.9582;-18.8425
0.9537;-20.0189
0.9445;-20.0202
0.9490;-19.5345
0.9310;-19.6599
0.9406;-20.9142
0.9658;-19.8357
0.9666;-18.9364
0.9558;-19.9746
0.9570;-21.3882
0.9652;-18.3914
0.9626;-18.5131
0.9593;-17.4973
0.9595;-17.4953
0.9718;-17.1422
0.9719;-17.7442
0.9693;-17.4874
0.9734;-17.3680
0.9733;-20.7316
0.9689;-18.1231
0.9717;-22.1318
0.9701;-19.5221
0.9883;-17.7850
0.9847;-19.1221
0.9780;-18.3193
0.9811;-19.7441
0.9820;-19.8666
0.9808;-18.7191
0.9817;-22.1728
0.9813;-17.7384
0.9806;-18.9349
1.0087;-18.3159
0.9918;-17.6321
1.0034;-17.4658
1.0004;-19.0442
0.9945;-17.5479
0.9954;-17.1242
0.9980;-17.0551
0.9958;-17.3571
0.9966;-17.9346
1.0269;-17.4170
1.0229;-17.7184
1.0082;-19.2790
1.0090;-19.8175
1.0185;-18.7754
1.0150;-21.4413
1.0096;-18.7533
1.0105;-18.2453
1.0122;-18.1788
1.0396;-20.2402
1.0248;-17.7469
1.0391;-19.0022
1.0359;-18.3230
1.0237;-18.1450
1.0234;-17.2125
1.0318;-18.3151
1.0246;-17.7403
1.0276;-17.4800
1.0467;-17.1708
1.0481;-17.2863
1.0405;-18.9342
1.0368;-20.2165
1.0484;-18.1252
1.0458;-19.7751
1.0360;-18.2100
1.0380;-19.3590
1.0422;-17.6328
1.0457;-18.0246
1.0528;-18.1596
1.0504;-19.0267
1.0523;-18.3259
1.0475;-20.2361
1.0466;-18.8491
1.0534;-18.2784
1.0496;-18.0322
1.0517;-18.1061
1.0385;-19.3476
1.0441;-18.0814
1.0608;-17.9872
1.0543;-18.1711
1.0487;-18.0208
1.0512;-19.1626
1.0542;-17.9443
1.0535;-17.6312
1.0533;-18.4978
1.0256;-17.9629
1.0620;-17.9188
1.0318;-19.3546
1.0369;-17.6730
1.0560;-18.2962
1.0512;-19.6709
1.0412;-19.3069
1.0482;-20.4551
1.0445;-18.3961
1.0099;-19.0701
1.0155;-18.0290
1.0532;-18.2456
1.0445;-20.2682
1.0200;-19.5499
1.0242;-20.2261
1.0381;-21.5890
1.0326;-18.6629
1.0282;-18.1651
1.0303;-17.9498
0.9954;-17.3669
0.9980;-17.8070
1.0013;-17.6724
1.0232;-17.4685
1.0164;-18.5924
1.0035;-19.3014
1.0108;-18.1465
1.0068;-19.2752
1.0061;-18.8768
0.9978;-20.1883
0.9850;-18.7600
0.9855;-19.0285
0.9836;-19.8073
0.9837;-19.2007
0.9908;-20.1435
0.9863;-20.6569
0.9836;-18.6608
0.9743;-18.5651
0.9805;-18.0774
0.9714;-18.2173
0.9653;-17.9112
0.9751;-17.4681
0.9728;-17.5978
0.9669;-17.9281
0.9623;-18.4251
0.9641;-17.5377
0.9679;-17.8033
0.9676;-19.4646
0.9563;-18.2643
0.9471;-21.3598
0.9424;-19.8152
0.9444;-20.0831
0.9648;-19.1910
0.9589;-19.3876
0.9494;-18.8379
0.9621;-19.3645
0.9357;-18.6643
0.9621;-19.4595
0.9593;-20.1541
0.9270;-18.7370
0.9271;-18.1795
0.9326;-18.1160
0.9537;-18.3930
0.9448;-18.2363
0.9591;-18.1593
0.9588;-17.5999
0.9565;-17.4783
0.9197;-17.9715
0.9145;-17.9438
0.9093;-18.3173
0.8959;-18.2231
0.9561;-18.2838
0.9507;-18.1404
0.9182;-18.5206
0.9316;-18.2670
0.9426;-18.7077
0.9572;-18.6694
0.9549;-19.5994
0.9544;-19.9585
0.9575;-19.7531
0.9591;-19.0094
0.9069;-18.7826
0.9197;-21.2965
0.9084;-20.1118
0.9027;-18.8616
0.9051;-19.4764
0.9499;-18.8860
0.9321;-19.4880
0.9422;-18.6600
0.9509;-18.4611
0.9557;-17.6597
0.9586;-18.0637
0.9552;-18.7798
0.9609;-20.8867
0.9618;-18.8787
0.9636;-18.2186
0.9335;-18.3148
0.9214;-17.9146
0.9167;-18.6969
0.9297;-19.5341
0.9116;-19.8867
0.9134;-19.5439
0.9144;-21.9918
0.9434;-18.7496
0.9406;-19.8580
0.9492;-18.8177
0.9548;-21.8033
0.9594;-19.6494
0.9637;-19.1531
0.9601;-18.6556
0.9656;-18.1020
0.9660;-18.5443
0.9681;-18.5576
0.9378;-18.7328
0.9258;-20.6111
0.9349;-20.0996
0.9217;-18.5978
0.9235;-18.8038
0.9253;-18.2754
0.9275;-19.4705
0.9476;-18.4004
0.9543;-18.4363
0.9459;-18.3786
0.9608;-18.9831
0.9654;-18.8433
0.9671;-21.7790
0.9681;-19.3277
0.9702;-21.8726
0.9706;-19.0810
0.9727;-22.2371
0.9442;-19.3057
0.9423;-18.6625
0.9320;-18.3078
0.9335;-18.4060
0.9436;-18.6899
0.9350;-17.7033
0.9362;-18.5007
0.9370;-19.6699
0.9538;-18.9932
0.9616;-18.5210
0.9534;-18.9603
0.9690;-18.0744
0.9703;-19.1149
0.9726;-18.2986
0.9729;-19.9182
0.9748;-18.4332
0.9753;-18.8575
0.9774;-18.1707
0.9528;-18.0498
0.9540;-18.2461
0.9551;-19.1582
0.9450;-18.5442
0.9562;-18.5600
0.9463;-17.9208
0.9478;-18.3324
0.9497;-17.8711
0.9625;-18.5362
0.9755;-19.3724
0.9712;-18.7232
0.9634;-18.7317
0.9644;-18.0709
0.9790;-18.7961
0.9756;-19.2495
0.9787;-18.6323
0.9781;-18.2508
0.9794;-18.1103
0.9802;-17.6886
0.9821;-18.0167
0.9654;-17.7574
0.9664;-18.8138
0.9672;-19.1959
0.9572;-18.5611
0.9582;-18.8550
0.9680;-19.4352
0.9589;-18.9720
0.9823;-18.2716
0.9740;-17.7766
0.9748;-17.9038
0.9757;-17.4040
0.9768;-18.0176
0.9826;-18.7189
0.9863;-18.8160
0.9812;-19.9571
0.9850;-20.2023
0.9832;-18.6008
0.9839;-18.0039
0.9849;-17.9803
0.9865;-17.6245
0.9775;-17.6237
0.9780;-17.5193
0.9784;-19.6977
0.9690;-20.4102
0.9784;-23.3118
0.9704;-18.9813
0.9887;-19.7342
0.9856;-18.1355
0.9872;-19.0907
0.9881;-18.2981
0.9887;-18.8521
0.9914;-18.0991
0.9890;-18.6714
0.9917;-17.8681
0.9867;-18.3320
0.9904;-17.2970
0.9883;-17.7519
0.9880;-17.7602
0.9893;-17.4432
0.9905;-18.7832
0.9890;-20.2151
0.9889;-19.3655
0.9885;-18.0235
0.9781;-18.5767
0.9928;-17.8212
0.9932;-18.4103
0.9940;-18.0356
0.9947;-18.4301
0.9945;-22.9696
0.9933;-19.3905
0.9947;-19.6991
0.9954;-22.2426
0.9966;-17.3005
0.9915;-18.1103
0.9923;-17.5476
0.9938;-17.1809
0.9913;-18.5102
0.9926;-19.4721
0.9929;-18.9630
0.9945;-17.8671
0.9903;-18.3615
0.9955;-17.7706
0.9955;-18.2595
0.9970;-18.3082
0.9974;-18.5970
0.9985;-17.8894
0.9981;-19.4086
0.9962;-17.1620
0.9978;-17.8999
1.0000;-17.1205
0.9989;-18.6248
0.9943;-17.1569
0.9945;-16.7011
0.9959;-18.0509
0.9941;-19.0363
0.9941;-18.5205
0.9948;-17.6021
0.9999;-18.0485
0.9977;-17.4873
1.0018;-17.9816
0.9972;-18.4195
0.9982;-18.4324
0.9985;-16.6365
1.0012;-17.6896
1.0032;-16.0934
0.9995;-16.6269
1.0025;-16.6462
1.0009;-22.1814
0.9959;-16.4644
0.9954;-15.9905
0.9972;-17.5829
0.9954;-18.6238
0.9955;-18.0748
0.9958;-16.9584
1.0055;-17.4666
1.0039;-16.9138
1.0076;-17.3526
0.9984;-18.6062
1.0012;-18.1673
0.9998;-15.6810
0.9996;-16.5672
1.0053;-15.3932
1.0079;-15.7717
1.0030;-16.0126
1.0060;-18.6161
0.9965;-15.7824
0.9980;-15.3344
0.9965;-17.1356
0.9963;-18.2279
0.9964;-17.6462
0.9966;-16.4127
1.0104;-16.9518
1.0092;-16.3924
1.0122;-16.8999
0.9992;-18.6604
1.0028;-17.7895
1.0011;-15.0092
1.0005;-15.9116
1.0089;-14.8828
1.0116;-15.1525
1.0055;-15.4761
1.0084;-17.7756
0.9977;-15.1747
0.9988;-14.7648
0.9974;-16.7905
0.9962;-17.8456
0.9968;-17.2900
0.9960;-16.1005
1.0139;-16.7433
1.0132;-16.1193
1.0152;-16.5133
0.9999;-16.9557
1.0020;-18.0573
1.0042;-14.6471
1.0009;-15.5341
1.0022;-14.5032
1.0111;-14.8334
1.0135;-14.9825
1.0065;-20.9321
1.0089;-14.5888
0.9981;-14.1560
0.9988;-16.6187
0.9971;-17.6065
0.9954;-17.2084
0.9958;-15.9686
0.9952;-16.5329
1.0154;-16.0069
1.0156;-16.3883
1.0164;-16.4735
0.9995;-18.4445
1.0007;-14.4188
1.0041;-15.2982
1.0061;-14.3922
1.0020;-14.6950
1.0038;-14.2635
1.0111;-15.2744
1.0131;-13.8416
1.0082;-13.2144
1.0102;-16.5441
0.9974;-17.1309
0.9960;-15.8550
0.9979;-15.8758
0.9990;-16.6094
0.9958;-14.2595
0.9952;-17.3375
0.9955;-12.6757
1.0148;-11.8194
1.0167;-17.5726
1.0163;-16.4861
1.0003;-16.1294
1.0016;-17.3603
1.0057;-16.0946
1.0076;-13.8131
1.0034;-13.0409
1.0052;-12.8954
1.0122;-13.8674
1.0140;-17.1970
1.0095;-16.3613
1.0114;-16.8265
0.9965;-18.8509
0.9974;-15.1092
0.9986;-14.2955
0.9999;-13.8195
0.9954;-13.8037
0.9961;-14.4473
0.9956;-17.0415
0.9952;-16.6571
0.9954;-17.0558
0.9953;-16.3146
0.9953;-15.3144
1.0159;-14.6083
1.0186;-14.3405
1.0187;-14.3164
1.0013;-14.9538
1.0030;-17.3050
1.0070;-16.7097
1.0088;-20.2844
1.0047;-16.6331
1.0064;-15.4292
1.0132;-15.0033
1.0106;-14.7758
0.9971;-14.7377
0.9983;-15.2770
0.9996;-17.1456
1.0009;-17.2016
0.9961;-18.5169
0.9970;-16.4315
0.9953;-15.8366
0.9955;-15.3287
0.9946;-15.1430
0.9957;-15.0854
0.9963;-15.6695
0.9960;-17.6596
0.9965;-17.2265
1.0157;-18.4196
1.0128;-17.1893
1.0183;-16.0404
1.0151;-15.7080
1.0175;-15.5072
1.0026;-15.4437
1.0042;-15.9665
1.0081;-17.4090
1.0058;-17.6522
1.0102;-18.6052
1.0077;-17.0283
0.9981;-16.5061
0.9994;-16.0147
1.0021;-15.8220
1.0006;-15.7628
0.9972;-16.2994
0.9981;-18.0495
0.9952;-17.7264
0.9961;-18.7270
0.9928;-19.7370
0.9935;-17.5420
0.9971;-16.6491
0.9977;-16.3090
0.9969;-16.1545
0.9974;-16.0638
1.0122;-16.5865
1.0096;-19.5332
1.0143;-19.0657
1.0115;-19.2039
1.0163;-19.5494
1.0132;-17.6344
1.0148;-17.0815
1.0036;-16.7261
1.0055;-16.5223
1.0034;-16.4976
1.0072;-16.8499
1.0051;-20.0420
0.9992;-19.8863
1.0016;-18.4541
1.0002;-19.7180
0.9983;-17.6983
0.9991;-17.1758
0.9899;-16.9438
0.9949;-16.8766
0.9961;-16.7122
0.9910;-17.6047
0.9927;-20.4970
0.9978;-19.4386
0.9981;-19.8536
0.9968;-18.9498
0.9971;-17.6280
1.0089;-18.4472
1.0068;-17.2938
1.0104;-17.0693
1.0082;-17.0379
1.0128;-17.3527
1.0117;-17.6132
1.0101;-18.5912
1.0093;-18.3107
1.0015;-19.1948
1.0031;-18.4124
1.0048;-19.1021
0.9999;-18.0222
0.9984;-17.3031
0.9988;-17.9845
0.9889;-17.1878
0.9897;-17.3681
0.9902;-17.4359
0.9942;-18.3527
0.9954;-17.9719
0.9908;-17.9247
0.9919;-18.1271
0.9971;-18.0855
0.9956;-18.9399
1.0106;-18.3232
1.0062;-19.0743
1.0073;-18.2462
1.0081;-17.5342
1.0080;-17.6565
1.0005;-18.0674
1.0023;-17.8580
1.0039;-18.3072
1.0053;-18.0472
0.9993;-18.1734
0.9969;-18.4056
0.9948;-18.5316
0.9976;-18.5364
0.9952;-18.6730
0.9901;-19.2331
0.9909;-18.8172
0.9905;-19.8797
0.9914;-18.8339
0.9929;-18.0323
0.9912;-18.1383
0.9928;-18.5714
0.9912;-19.1565
1.0075;-19.0004
1.0049;-19.0383
1.0030;-19.4399
1.0019;-19.5245
1.0011;-20.0652
1.0006;-20.2829
1.0003;-20.0370
1.0001;-21.1390
1.0000;-22.0587
1.0062;-21.3570
1.0060;-20.0086
1.0064;-21.3820
1.0011;-19.0856
1.0027;-20.2719
1.0045;-19.5142
1.0039;-20.9358
0.9964;-21.6086
0.9981;-19.2918
0.9998;-19.7884
0.9931;-18.8688
0.9915;-19.2239
0.9940;-18.8268
0.9924;-18.9915
0.9900;-19.1367
0.9906;-18.9753
0.9910;-19.1266
0.9901;-18.7702
0.9906;-19.0308
0.9904;-19.6419
0.9908;-19.9652
1.0037;-18.9348
1.0023;-18.5541
1.0013;-18.2440
1.0007;-18.1082
1.0004;-18.1130
1.0002;-18.3836
1.0000;-18.6003
0.9999;-20.2940
0.9999;-18.7969
1.0044;-18.8563
1.0026;-18.2061
1.0013;-18.8322
1.0028;-18.3453
1.0023;-17.9102
0.9937;-18.2129
0.9956;-18.2390
0.9972;-19.3937
1.0001;-18.3159
0.9988;-18.2565
0.9953;-17.8173
0.9912;-19.2022
0.9914;-18.6574
0.9923;-17.9129
0.9923;-17.6293
0.9917;-18.0688
0.9916;-19.0181
0.9919;-18.4514
0.9923;-18.0272
0.9926;-17.8854
1.0015;-18.6432
1.0008;-18.3747
1.0004;-18.3083
1.0002;-17.9454
1.0000;-20.2294
0.9999;-19.3549
0.9999;-19.9655
0.9999;-18.4260
0.9999;-19.7754
1.0014;-19.1665
1.0008;-18.8566
1.0009;-21.5617
1.0004;-19.6454
0.9938;-19.6429
0.9934;-20.2653
0.9948;-19.7333
0.9967;-18.4932
0.9994;-18.7295
0.9982;-19.1580
0.9956;-18.7679
0.9968;-19.5771
0.9929;-19.6584
0.9937;-19.4709
0.9930;-19.7855
0.9932;-18.7585
0.9935;-18.9809
0.9939;-18.6142
0.9928;-18.7972
0.9934;-18.3007
1.0003;-21.1110
1.0001;-18.6853
1.0000;-18.9645
0.9999;-20.3152
0.9999;-18.0871
0.9999;-20.5740
0.9999;-21.3915
0.9999;-18.7317
0.9999;-18.2125
1.0001;-18.5896
1.0000;-19.2882
0.9994;-17.7216
0.9995;-18.9453
0.9964;-17.4236
0.9948;-18.6098
0.9959;-18.1940
0.9981;-18.5077
0.9974;-17.0923
0.9988;-19.2047
0.9998;-17.9307
0.9998;-17.5821
0.9998;-17.8160
0.9999;-17.8352
0.9999;-17.3684
0.9999;-17.2689
0.9999;-18.0985
0.9945;-17.7180
0.9945;-17.3712
0.9953;-20.2192
0.9943;-17.6658
0.9946;-18.5717
0.9953;-17.2216
0.9949;-18.4940
0.9946;-18.1850
0.9951;-17.1691
0.9999;-17.3179
0.9999;-18.8787
0.9999;-18.5064
0.9999;-17.6894
0.9999;-18.5913
0.9999;-18.3084
0.9999;-17.5038
0.9999;-17.4906
0.9999;-18.1929
0.9999;-18.0317
0.9996;-17.3780
0.9997;-19.5087
0.9991;-21.1838
0.9994;-19.6741
0.9971;-21.2264
0.9961;-18.6677
0.9983;-18.1322
0.9982;-17.9905
0.9989;-18.1241
0.9999;-18.0794
0.9998;-19.3937
0.9999;-18.4751
0.9999;-17.8578
0.9999;-19.3926
0.9999;-18.2365
0.9999;-17.4445
0.9961;-18.0022
0.9963;-18.0637
0.9975;-17.7526
0.9957;-17.4507
0.9958;-16.7107
0.9960;-18.5245
0.9959;-16.8536
0.9965;-18.6591
0.9969;-17.7975
0.9999;-17.1249
0.9999;-16.7062
0.9999;-17.2291
0.9998;-18.8236
0.9998;-16.5937
0.9999;-17.7282
0.9999;-18.6540
0.9999;-17.0901
0.9996;-17.1176
0.9997;-18.3553
0.9993;-19.7771
0.9995;-16.8853
0.9979;-17.2742
0.9976;-17.8387
0.9989;-18.6076
0.9993;-17.5192
0.9987;-18.7473
0.9999;-18.1917
0.9999;-17.2332
0.9999;-17.7983
0.9999;-20.2598
0.9999;-17.5510
0.9999;-17.8208
0.9999;-17.7647
0.9973;-19.4070
0.9974;-17.7054
0.9981;-17.3583
0.9980;-18.0019
0.9976;-17.8593
0.9969;-17.4914
0.9976;-18.5550
0.9979;-17.6539
0.9999;-22.8045
0.9999;-18.7053
0.9999;-19.5017
0.9998;-18.2879
0.9999;-17.4733
0.9999;-18.3404
0.9997;-18.8942
0.9998;-16.8521
0.9995;-17.5771
0.9997;-18.1184
0.9986;-17.2452
0.9986;-17.8055
0.9992;-17.3055
0.9995;-20.4154
0.9991;-19.8228
0.9999;-18.7362
0.9999;-19.3934
0.9999;-18.3263
0.9999;-18.4111
1.0000;-17.3084
0.9999;-18.1596
0.9999;-17.6911
0.9985;-20.0158
0.9981;-17.1817
0.9984;-18.4965
0.9986;-17.3023
0.9982;-18.2129
0.9986;-17.6214
0.9988;-17.3817
0.9999;-17.4379
0.9999;-17.4538
0.9999;-17.7310
0.9999;-17.3473
0.9998;-19.4725
0.9999;-17.8803
0.9997;-18.5405
0.9998;-18.2040
0.9991;-17.4284
0.9992;-19.1940
0.9995;-17.8442
0.9995;-17.1838
0.9997;-18.1372
1.0000;-18.1197
0.9999;-17.5337
1.0000;-18.4266
1.0000;-17.1893
1.0000;-17.1181
0.9999;-19.3326
1.0000;-18.1329
0.9989;-22.6845
0.9992;-18.5768
0.9989;-18.6138
0.9991;-18.4923
0.9992;-17.0773
0.9990;-17.0277
0.9992;-17.3598
0.9993;-16.6577
0.9999;-17.1352
0.9999;-18.3377
0.9999;-16.4546
0.9999;-16.9327
0.9998;-18.5414
0.9998;-21.3112
0.9995;-18.9095
0.9995;-19.5700
0.9996;-18.2476
0.9997;-18.2606
0.9998;-18.2696
1.0000;-17.3624
1.0000;-16.8559
1.0000;-16.7759
0.9995;-17.3390
0.9996;-17.0488
1.0000;-16.8801
1.0000;-17.2018
0.9999;-17.6207
1.0000;-17.7527
0.9994;-19.6711
0.9996;-18.6911
0.9993;-18.1769
0.9995;-18.6183
0.9995;-18.6737
0.9994;-18.8282
0.9995;-18.1728
0.9996;-18.5260
0.9999;-18.2412
1.0000;-17.4065
0.9999;-18.1888
0.9999;-17.8181
0.9999;-19.7024
0.9999;-17.6821
0.9997;-16.7259
0.9997;-18.8596
0.9998;-18.1435
0.9999;-17.9867
0.9998;-17.9181
1.0000;-18.1950
1.0000;-18.7414
1.0000;-18.4141
0.9997;-20.9037
0.9998;-20.5679
0.9997;-20.7605
0.9998;-17.6475
1.0000;-18.5821
1.0000;-16.7826
1.0000;-16.3610
1.0000;-17.2908
0.9997;-17.1726
0.9998;-16.7734
0.9997;-17.1259
0.9998;-17.4698
0.9997;-18.2435
0.9997;-17.3345
0.9998;-20.9381
0.9998;-18.9664
1.0000;-19.9673
1.0000;-19.6927
1.0000;-19.4343
1.0000;-18.6212
0.9999;-19.0394
1.0000;-17.6424
0.9998;-17.3514
0.9999;-17.5351
0.9999;-18.9544
1.0000;-17.8735
0.9999;-17.8297
1.0000;-18.6472
1.0000;-18.7364
1.0001;-19.1710
0.9999;-21.8762
1.0000;-20.0396
0.9999;-17.9597
0.9999;-17.7844
0.9999;-18.2808
0.9999;-18.3204
1.0001;-17.8709
1.0001;-18.4381
1.0001;-22.5831
1.0001;-18.3860
0.9999;-19.3135
0.9999;-19.6479
0.9999;-17.1106
0.9999;-17.8572
0.9999;-17.6887
0.9999;-18.8022
0.9999;-17.4068
0.9999;-19.1748
1.0001;-18.6182
1.0001;-17.4325
1.0000;-17.4176
1.0001;-17.4800
1.0000;-16.9439
1.0000;-17.2988
0.9999;-17.6540
0.9999;-18.2644
1.0000;-18.0343
1.0000;-18.7583
1.0000;-18.3760
1.0001;-19.6937
1.0001;-18.7088
1.0000;-17.3372
1.0000;-17.4702
1.0000;-18.0305
1.0000;-18.3007
1.0001;-19.8358
1.0001;-18.8740
1.0000;-20.2791
1.0000;-19.6103
1.0000;-18.1175
1.0000;-18.5334
1.0001;-18.9696
1.0001;-21.8851
1.0000;-18.7568
1.0000;-20.9879
1.0000;-18.5851
1.0001;-18.7520
1.0001;-18.5397
1.0001;-17.6560
1.0001;-17.7240
1.0000;-17.7445
1.0000;-19.2343
1.0000;-19.0707
1.0000;-20.7120
1.0000;-18.0924
1.0000;-17.5657
1.0000;-18.2446
1.0000;-17.6739
1.0000;-17.5324
1.0000;-17.4462
1.0000;-17.9850
1.0000;-18.2402
1.0000;-18.1670
1.0001;-17.3824
1.0001;-17.3013
1.0000;-17.7637
1.0000;-17.4098
1.0001;-17.5530
1.0001;-17.3888
0.9999;-17.4328
0.9999;-17.9604
1.0000;-18.0187
1.0000;-17.5756
1.0000;-17.2730
1.0000;-18.4012
0.9999;-17.6744
0.9999;-18.4283
1.0000;-16.9759
0.9999;-17.6833
0.9999;-17.4851
1.0001;-17.8092
1.0001;-17.3479
1.0001;-17.1729
0.9998;-17.5895
0.9998;-17.5100
0.9998;-18.4763
1.0001;-17.3999
1.0000;-17.9570
1.0000;-17.5008
0.9998;-17.8201
0.9998;-17.6700
1.0000;-17.5884
1.0000;-17.8137
1.0000;-18.1931
0.9998;-17.6406
0.9999;-17.7459
0.9999;-17.8391
1.0001;-18.2987
1.0001;-17.5815
1.0001;-17.6609
1.0001;-17.7206
0.9996;-18.1129
0.9997;-20.2708
0.9997;-18.4249
0.9997;-20.0831
1.0000;-17.7840
1.0000;-18.0566
1.0000;-17.8821
1.0000;-19.0175
0.9998;-19.0702
0.9998;-18.1125
1.0000;-18.9387
0.9999;-18.0523
0.9999;-18.0626
1.0000;-19.1833
1.0000;-19.3031
1.0000;-18.9240
1.0001;-21.7619
1.0000;-19.4858
0.9995;-17.9130
0.9996;-18.0716
0.9997;-17.9272
1.0000;-18.7462
0.9998;-18.5034
0.9998;-18.4937
1.0000;-17.7501
1.0000;-19.8872
1.0000;-20.3101
0.9999;-18.6282
1.0000;-19.6905
1.0000;-19.0754
1.0000;-19.1818
1.0000;-19.1720
1.0000;-17.6477
1.0001;-17.8359
1.0001;-17.7388
1.0001;-17.7656
0.9996;-17.3089
0.9998;-17.6168
0.9998;-20.2152
0.9999;-19.8305
1.0001;-20.7150
1.0001;-17.3112
1.0000;-18.2446
1.0000;-19.8816
1.0000;-17.9029
1.0000;-18.4346
1.0000;-19.5451
1.0000;-20.1888
1.0000;-19.2467
1.0000;-18.4224
1.0001;-17.2511
1.0001;-17.4874
1.0001;-17.3366
1.0001;-18.3240
0.9998;-17.2047
0.9999;-17.8784
1.0000;-17.7891
1.0000;-18.7813
1.0001;-18.1281
1.0001;-17.3008
1.0001;-17.4347
1.0001;-20.0973
1.0001;-18.2509
1.0001;-18.3811
1.0000;-18.8459
1.0000;-17.5182
1.0000;-17.6945
1.0000;-16.5327
1.0000;-16.5696
1.0000;-17.3391
1.0000;-17.4154
1.0000;-17.8616
1.0001;-18.8513
1.0000;-20.3729
1.0001;-18.1838
1.0001;-20.2421
1.0001;-16.4302
1.0001;-16.7882
1.0001;-16.4394
1.0001;-19.1667
1.0001;-17.1758
0.9999;-16.4510
1.0000;-16.3975
0.9999;-16.8262
1.0000;-16.2431
1.0000;-16.1813
1.0000;-16.3634
1.0000;-15.8527
1.0000;-15.9825
1.0000;-18.4924
1.0001;-17.1979
1.0001;-16.9182
1.0002;-16.0600
1.0002;-17.0922
1.0001;-16.4276
1.0002;-18.4940
1.0001;-17.4982
1.0001;-17.2602
0.9999;-17.4884
0.9999;-17.0355
0.9998;-16.3816
0.9999;-16.0668
1.0000;-16.3449
1.0000;-16.3433
1.0000;-16.0239
1.0000;-15.9744
1.0000;-16.0821
1.0000;-16.1851
1.0002;-16.1920
1.0002;-15.9004
1.0002;-15.8361
1.0002;-16.4297
1.0001;-16.0628
1.0001;-16.1356
1.0001;-16.0645
0.9999;-16.6102
0.9999;-16.2698
0.9998;-19.1203
0.9998;-18.1696
0.9999;-20.2650
0.9999;-17.0218
1.0000;-16.8553
1.0000;-17.5294
1.0000;-17.4862
1.0000;-15.9295
1.0000;-15.9280
1.0002;-16.5441
1.0001;-16.0142
1.0000;-16.9628
1.0001;-16.2290
1.0001;-16.3132
1.0001;-16.2506
0.9997;-16.3372
0.9998;-16.6122
0.9999;-16.5456
0.9999;-16.3040
0.9998;-16.2550
0.9998;-17.1730
0.9999;-16.2572
1.0000;-16.4730
1.0000;-16.3039
1.0000;-20.3673
1.0000;-18.6595
1.0000;-19.2767
1.0001;-19.5876
1.0001;-16.9718
1.0000;-16.9670
1.0000;-17.5644
1.0000;-17.2296
0.9996;-16.4976
0.9997;-16.6774
0.9998;-16.6683
0.9998;-16.6698
0.9999;-17.5339
0.9999;-16.8115
0.9998;-17.2066
0.9999;-16.7327
0.9999;-16.8823
0.9999;-16.9726
0.9999;-17.0467
0.9999;-17.1634
0.9999;-16.2196
0.9999;-16.5631
1.0000;-16.0201
1.0000;-16.2904
0.9999;-16.3465
0.9996;-20.3345
0.9997;-18.7373
0.9997;-17.9724
0.9998;-19.9638
0.9999;-19.3930
0.9998;-16.7252
0.9999;-16.8142
0.9998;-17.0737
0.9999;-17.1137
0.9999;-16.6286
0.9999;-16.7047
0.9999;-16.5577
0.9999;-16.5927
0.9999;-18.1079
0.9999;-16.5298
0.9999;-16.7929
0.9999;-16.2795
0.9997;-16.6614
0.9997;-16.6716
0.9997;-16.5279
0.9998;-15.9052
0.9998;-15.9679
0.9998;-16.3636
0.9999;-21.1807
0.9999;-19.6010
0.9999;-19.2338
0.9999;-17.2689
0.9999;-17.5086
0.9998;-18.1023
0.9998;-17.8053
0.9998;-16.4424
0.9998;-16.6052
0.9998;-16.7894
0.9999;-16.3893
0.9997;-16.2602
0.9997;-17.0330
0.9997;-16.2343
0.9998;-16.4907
0.9998;-16.3493
0.9998;-16.4871
0.9999;-16.5448
0.9999;-17.3854
0.9999;-16.4371
0.9999;-16.6138
0.9999;-16.6143
0.9998;-16.6010
0.9998;-17.6050
0.9998;-17.7073
0.9998;-17.7646
0.9998;-18.2244
0.9998;-16.8022
0.9998;-17.0548
0.9998;-16.8752
0.9998;-16.9852
0.9999;-17.0647
0.9999;-20.5167
0.9999;-22.0567
0.9999;-18.9029
0.9999;-20.4596
0.9999;-18.6138
0.9999;-20.1706
0.9999;-20.3246
0.9999;-21.8814
0.9998;-16.6581
0.9999;-17.2471
0.9998;-16.8022
0.9999;-16.6904
0.9999;-17.0249
0.9999;-20.3526
0.9999;-17.1888
0.9999;-17.2163
0.9999;-17.2314
0.9999;-17.4296
0.9999;-16.7820
0.9999;-16.8855
0.9999;-17.0830
0.9999;-16.9004
0.9999;-16.8180
0.9999;-17.0597
0.9999;-17.7763
0.9999;-16.8964
0.9999;-16.8618
0.9999;-16.9772
0.9999;-17.4682
0.9999;-18.4159
0.9999;-18.0329
0.9999;-19.7729
0.9999;-17.4926
0.9999;-19.0748
0.9999;-19.0343
0.9999;-20.0782
0.9999;-19.9476
0.9999;-17.5980
0.9999;-17.5337
0.9999;-18.7192
0.9999;-17.6312
0.9999;-18.3212
0.9999;-17.6998
0.9999;-17.7575
0.9999;-17.3408
0.9999;-17.4011
0.9999;-17.7075
0.9999;-17.1401
0.9999;-16.7527
0.9999;-16.9739
0.9999;-18.0259
0.9999;-17.2281
0.9999;-17.4576
0.9999;-18.2898
0.9999;-18.7014
0.9999;-17.3455
0.9999;-17.7380
0.9999;-17.9539
1.0000;-19.1756
1.0000;-19.0117
