0.7010;-11.0464
0.6775;-11.5838
0.7132;-11.8921
0.7309;-12.1166
0.7198;-12.2911
0.6928;-12.4324
0.6950;-12.5500
0.7457;-12.6504
0.8207;-12.7376
0.7175;-12.8153
0.7668;-12.8855
0.7327;-12.9501
0.7621;-13.0103
0.8051;-13.0669
0.8260;-13.1206
0.6880;-13.1717
0.7163;-13.2208
0.6696;-13.2681
0.6723;-13.3137
0.7128;-13.3580
0.8274;-13.4010
0.8908;-13.4428
0.9034;-13.4836
0.9670;-13.5235
0.7648;-13.5625
0.8209;-13.6006
0.8532;-13.6380
0.8737;-13.6747
0.8978;-13.7107
0.9359;-13.7461
0.9834;-13.7808
1.0559;-13.8150
1.1371;-13.8486
1.2103;-13.8817
1.3353;-13.9142
1.4157;-13.9462
1.4858;-13.9778
1.5489;-14.0088
1.6005;-14.0394
1.6405;-14.0695
1.6645;-14.0991
1.6628;-14.1284
1.6244;-14.1571
1.4815;-14.1855
1.3702;-14.2134
1.2270;-14.2409
0.7594;-14.2679
0.7965;-14.2946
0.8409;-14.3209
0.8798;-14.3467
0.6839;-14.3722
0.7112;-14.3973
0.7907;-14.4220
0.5913;-14.4463
0.5853;-14.4702
0.7442;-14.4938
0.7816;-14.5170
0.8179;-14.5398
0.8425;-14.5623
0.6952;-14.5844
0.7121;-14.6061
0.6773;-14.6276
0.6944;-14.6486
0.6987;-14.6693
0.7352;-14.6897
1.0460;-14.7098
1.1194;-14.7295
0.8942;-14.7489
0.9786;-14.7680
1.0522;-14.7868
0.9639;-14.8052
0.7844;-14.8233
0.8629;-14.8412
0.8710;-14.8587
0.9071;-14.8759
0.9473;-14.8928
1.0093;-14.9095
1.0813;-14.9258
1.1563;-14.9419
1.2334;-14.9576
1.3247;-14.9731
1.3844;-14.9884
1.4357;-15.0033
1.4812;-15.0180
1.5170;-15.0324
1.5430;-15.0466
1.5598;-15.0605
1.5652;-15.0742
1.4623;-15.0876
1.3375;-15.1008
1.1232;-15.1138
1.0113;-15.1265
1.2033;-15.1389
1.0837;-15.1512
0.9487;-15.1632
0.9074;-15.1751
0.9146;-15.1867
0.9406;-15.1981
0.9846;-15.2093
0.9647;-15.2203
0.8407;-15.2311
0.8810;-15.2417
0.9143;-15.2521
0.9384;-15.2623
0.6401;-15.2724
0.7332;-15.2822
0.8162;-15.2919
0.8697;-15.3015
0.6846;-15.3109
0.5191;-15.3201
0.4781;-15.3291
0.4953;-15.3380
0.6064;-15.3468
0.7530;-15.3554
0.7929;-15.3638
0.8268;-15.3721
0.8579;-15.3803
0.7042;-15.3883
0.7433;-15.3963
0.7212;-15.4040
0.7131;-15.4117
0.6904;-15.4192
0.6952;-15.4266
0.7321;-15.4339
1.1834;-15.4411
1.3008;-15.4482
1.1334;-15.4552
1.2431;-15.4620
0.9289;-15.4688
1.0400;-15.4754
1.1368;-15.4820
1.0101;-15.4884
0.7943;-15.4948
0.8710;-15.5010
0.8895;-15.5072
0.9449;-15.5133
1.0119;-15.5193
1.0753;-15.5252
1.1452;-15.5310
1.2127;-15.5368
1.2931;-15.5424
1.3360;-15.5480
1.3735;-15.5535
1.4061;-15.5590
1.4323;-15.5643
1.4538;-15.5696
1.4756;-15.5748
1.3882;-15.5800
1.2485;-15.5851
1.1223;-15.5901
0.9816;-15.5951
0.9168;-15.6000
1.0062;-15.6048
0.9170;-15.6096
0.9026;-15.6143
0.9415;-15.6189
0.8856;-15.6235
0.8959;-15.6281
0.9619;-15.6326
0.9788;-15.6370
1.0030;-15.6414
0.9600;-15.6457
0.9943;-15.6500
0.9770;-15.6542
1.0269;-15.6584
0.9074;-15.6626
0.9333;-15.6667
0.9701;-15.6707
0.9542;-15.6747
0.7641;-15.6787
0.8393;-15.6826
0.8903;-15.6865
0.9223;-15.6904
0.6644;-15.6942
0.7284;-15.6979
0.7914;-15.7017
0.4839;-15.7054
0.4117;-15.7090
0.3943;-15.7126
0.4762;-15.7162
0.6035;-15.7198
0.6795;-15.7233
0.4901;-15.7268
0.3955;-15.7303
0.5997;-15.7337
0.5340;-15.7371
0.5040;-15.7405
0.4292;-15.7438
0.7784;-15.7471
0.8117;-15.7504
0.8444;-15.7537
0.8824;-15.7569
0.7410;-15.7602
0.7672;-15.7633
0.7177;-15.7665
0.7276;-15.7697
1.3999;-15.7728
1.4696;-15.7759
0.6592;-15.7789
0.6429;-15.7820
0.6589;-15.7850
0.7132;-15.7880
1.3549;-15.7910
1.4455;-15.7940
1.2530;-15.7970
1.3556;-15.7999
0.9538;-15.8028
1.1063;-15.8057
1.2174;-15.8086
1.0451;-15.8115
0.8024;-15.8143
0.8789;-15.8171
0.9286;-15.8200
0.9921;-15.8227
1.0492;-15.8255
1.1105;-15.8283
1.1762;-15.8311
1.2428;-15.8338
1.2756;-15.8365
1.3029;-15.8392
1.3269;-15.8419
1.3474;-15.8446
1.3691;-15.8473
1.2918;-15.8499
1.1612;-15.8526
1.0045;-15.8552
0.9046;-15.8578
0.8611;-15.8604
0.8482;-15.8630
0.8291;-15.8656
0.7946;-15.8682
0.9379;-15.8708
0.9635;-15.8733
0.8717;-15.8759
0.9295;-15.8784
0.9858;-15.8809
0.9903;-15.8834
0.9786;-15.8859
0.9862;-15.8884
0.9914;-15.8909
0.9903;-15.8934
1.0125;-15.8958
0.9852;-15.8983
1.0005;-15.9007
1.0510;-15.9032
1.0348;-15.9056
0.9455;-15.9080
0.9759;-15.9104
0.9616;-15.9128
0.8593;-15.9152
0.9024;-15.9176
0.9499;-15.9200
0.9316;-15.9224
0.7201;-15.9247
0.7630;-15.9271
0.8150;-15.9294
0.8714;-15.9318
0.7613;-15.9341
1.0217;-15.9364
1.0253;-15.9387
1.0229;-15.9411
1.0083;-15.9434
0.9832;-15.9457
0.9359;-15.9480
0.8705;-15.9502
0.7753;-15.9525
0.6586;-15.9548
0.5990;-15.9571
1.0163;-15.9593
1.0211;-15.9616
0.7454;-15.9638
0.3480;-15.9661
0.4001;-15.9683
0.4994;-15.9705
0.6516;-15.9727
0.7363;-15.9750
0.3609;-15.9772
0.3876;-15.9794
0.5382;-15.9816
0.4269;-15.9838
0.5362;-15.9860
0.4382;-15.9882
1.0029;-15.9903
1.0020;-15.9925
0.9874;-15.9947
1.0000;-15.9968
0.9970;-15.9990
0.9885;-16.0012
0.9910;-16.0033
0.9940;-16.0054
0.7982;-16.0076
0.8288;-16.0097
0.8673;-16.0118
0.9139;-16.0140
0.7477;-16.0161
0.7754;-16.0182
0.7149;-16.0203
0.6967;-16.0224
0.6120;-16.0245
1.5095;-16.0266
1.5066;-inf
1.5093;-inf
1.5308;-inf
0.5638;-inf
0.5636;-inf
0.6033;-inf
0.6834;-inf
1.4392;-inf
1.4847;-inf
1.3116;-inf
1.3768;-inf
0.9639;-inf
1.1479;-inf
1.2243;-inf
1.0512;-inf
0.7890;-inf
0.8703;-inf
0.9662;-inf
1.0149;-inf
1.0703;-inf
1.1252;170.7539
1.1844;-340.0480
1.2069;-711.8650
1.2255;-711.8622
1.2422;-inf
1.2563;-inf
1.1854;-inf
1.0667;-313.7907
0.9262;-inf
0.7927;-inf
0.7415;-inf
0.7976;-inf
0.8435;-inf
0.7243;-inf
0.7515;-inf
0.9598;-inf
0.9766;-inf
0.9159;-inf
0.9544;-inf
0.9899;-inf
0.9905;-inf
0.9844;-inf
0.9877;-inf
0.9875;-inf
0.9893;-inf
1.0788;-inf
1.0169;-inf
0.9876;-inf
1.0031;-inf
1.0614;-inf
1.0425;-inf
0.9642;-inf
0.9731;-inf
0.9101;-inf
0.9495;-inf
0.9332;-inf
0.7906;-inf
0.8280;-inf
0.9091;-inf
0.8781;-inf
0.7920;-inf
0.7917;-inf
0.8026;-inf
1.0119;-inf
1.0154;-inf
1.0086;-inf
1.0110;-inf
1.0307;-inf
1.0317;-inf
1.0283;-inf
1.0101;-inf
0.9817;-inf
0.9259;-inf
0.8494;-inf
0.7300;-inf
0.7160;-inf
1.0211;-inf
1.0318;-inf
0.8082;-inf
0.8603;-inf
0.4592;-inf
0.5912;-inf
0.7434;-inf
0.8317;-inf
0.4849;-inf
0.5960;-inf
0.7376;-inf
0.5740;-inf
0.7938;-inf
0.6557;-inf
0.9881;-inf
1.0031;-inf
1.0032;-inf
1.0029;-inf
1.0012;-inf
0.9889;-inf
0.9909;-inf
0.9990;-inf
0.9934;-inf
0.9962;-inf
0.8055;-inf
0.8459;-inf
0.8936;-inf
0.9281;-inf
0.7445;-inf
0.7738;-inf
0.6621;-inf
0.6905;-inf
0.5344;-inf
0.4614;-inf
1.4740;-inf
1.4065;-inf
1.5172;-inf
1.4589;-inf
1.4950;-inf
1.4566;-inf
0.4354;-inf
0.4656;-inf
0.5432;-inf
0.6521;-inf
1.4122;-inf
1.4010;-inf
1.2809;-inf
1.2997;-inf
0.9500;-inf
1.1200;-inf
1.1655;-inf
1.0147;-inf
0.7797;-inf
0.8627;-inf
0.9723;-inf
1.0187;-inf
1.0689;-inf
1.1157;-inf
1.1306;-inf
1.1398;-inf
1.1461;-inf
1.0798;-inf
0.9749;-inf
0.8536;-inf
0.7418;-inf
0.6649;-inf
0.6719;-inf
0.8131;-inf
0.9047;-inf
0.7140;-inf
0.7934;-inf
0.9726;-inf
0.9806;-inf
0.9473;-inf
0.9668;-inf
0.9878;-inf
0.9835;-inf
0.9875;-inf
0.9845;-inf
1.1076;-inf
1.0886;-inf
1.1314;-inf
1.0224;-inf
0.9861;-inf
1.0041;-inf
1.0750;-inf
1.0551;-inf
0.9552;-inf
0.9665;-inf
0.9296;-inf
0.9341;-inf
0.8308;-inf
0.9019;-inf
0.8742;-inf
0.8259;-inf
0.8018;-inf
0.8168;-inf
0.8008;-inf
0.8968;-inf
1.0046;-inf
1.0062;-inf
1.0058;-inf
1.0079;-inf
1.0148;-inf
1.0211;-inf
1.0105;-inf
1.0148;-inf
1.0489;-inf
1.0538;-inf
1.0570;-inf
1.0429;-inf
1.0223;-inf
0.9672;-inf
0.8932;-inf
0.9352;-inf
1.0326;-inf
1.0509;-inf
0.9515;-inf
0.9100;-inf
1.0106;-inf
0.7313;-inf
0.8680;-inf
0.9614;-inf
0.7763;-inf
0.8927;-inf
1.0056;-inf
0.8796;-inf
0.9846;-inf
1.0951;-inf
1.0037;-inf
1.0037;-inf
1.0045;-inf
0.9868;-inf
0.9886;-inf
0.9906;-inf
1.0040;-inf
1.0039;-inf
1.0030;-inf
1.0008;-inf
0.9929;-inf
0.9955;-inf
0.9982;-inf
0.8173;-inf
0.8433;-inf
0.8783;-inf
0.9192;-inf
0.7279;-inf
0.7516;-inf
0.6389;-inf
1.1750;-inf
1.2738;-inf
1.2095;-inf
0.6031;-inf
0.4365;-inf
0.3199;-inf
0.2722;-inf
1.3774;-inf
1.3439;-inf
1.3846;-inf
1.3515;-inf
0.2887;-inf
0.3729;-inf
0.6539;-inf
0.4996;-inf
1.2801;-inf
1.1809;-inf
0.9345;-inf
1.0593;-inf
0.8077;-inf
0.9626;-inf
1.0030;-inf
1.0427;-inf
1.0469;-inf
1.0435;-inf
0.9834;-inf
0.8943;-inf
0.7946;-inf
0.7058;-inf
0.6498;-inf
0.6430;-inf
0.6999;-inf
0.8945;-inf
0.9391;-inf
0.7857;-inf
0.8881;-inf
0.9736;-inf
0.9584;-inf
0.9790;-inf
0.9693;-inf
0.9834;-inf
0.9779;-inf
0.9840;-inf
1.1394;-inf
1.1189;-inf
1.1228;-inf
1.1154;-inf
1.1582;-inf
1.1514;-inf
1.0271;-inf
0.9818;-inf
1.0016;-inf
1.0975;-inf
1.0616;-inf
0.9436;-inf
0.9573;-inf
0.9088;-inf
0.9180;-inf
0.8603;-inf
0.8790;-inf
0.8617;-inf
0.8439;-inf
0.8404;-inf
1.0253;-inf
0.9073;-inf
0.9616;-inf
1.0058;-inf
1.0077;-inf
1.0107;-inf
1.0080;-inf
1.0212;-inf
1.0326;-inf
1.0151;-inf
1.0219;-inf
1.0820;-inf
1.0977;-inf
1.1163;-inf
1.1182;-inf
1.1221;-inf
1.0915;-inf
1.1771;-inf
1.0505;-inf
1.0810;-inf
1.1006;-inf
1.1601;-inf
1.0762;-inf
1.1726;-inf
1.0150;-inf
1.1349;-inf
1.0918;-inf
1.1905;-inf
1.2705;-inf
1.1924;-inf
1.2847;-inf
1.3617;-inf
1.0047;-inf
1.0053;-inf
1.0063;-inf
0.9873;-inf
0.9897;-inf
0.9887;-inf
0.9921;-inf
0.9948;-inf
1.0053;-inf
1.0044;-inf
1.0029;-inf
0.9975;-inf
1.0003;-inf
0.7824;-inf
0.8222;-inf
0.8629;-inf
0.9016;-inf
0.6776;-inf
0.7212;-inf
0.4952;-inf
0.5519;-inf
1.1430;-inf
1.1753;-inf
1.2721;-inf
1.2148;-inf
0.3161;-inf
0.2024;-inf
0.1638;-inf
0.2136;-inf
1.2812;-inf
1.2691;-inf
1.2353;-inf
1.1813;-inf
0.3211;-inf
0.6631;-inf
0.4887;-inf
1.1066;-inf
0.9381;-inf
1.0273;-inf
0.8384;-inf
0.9377;-inf
0.9630;-inf
0.9556;-inf
0.9038;-inf
0.8322;-inf
0.7558;-inf
0.6901;-inf
0.6540;-inf
0.6592;-inf
0.7114;-inf
0.7946;-inf
0.9274;-inf
0.8865;-inf
0.9542;-inf
0.9328;-inf
0.9696;-inf
0.9589;-inf
0.9793;-inf
0.9737;-inf
0.9858;-inf
0.9826;-inf
0.9905;-inf
0.9884;-inf
0.9925;-inf
1.0963;-inf
1.0819;-inf
1.1195;-inf
1.0992;-inf
1.1693;-inf
1.1470;-inf
1.1254;-inf
1.1779;-inf
1.1678;-inf
1.0233;-inf
0.9746;-inf
0.9952;-inf
1.0979;-inf
1.0607;-inf
0.9300;-inf
0.9458;-inf
0.8901;-inf
0.9007;-inf
0.8546;-inf
0.8593;-inf
0.8777;-inf
0.8667;-inf
1.0785;-inf
0.9375;-inf
1.0011;-inf
1.0996;-inf
1.0087;-inf
1.0111;-inf
1.0123;-inf
1.0160;-inf
1.0327;-inf
1.0498;-inf
1.0231;-inf
1.0339;-inf
1.1323;-inf
1.1665;-inf
1.2096;-inf
1.2418;-inf
1.2876;-inf
1.3821;-inf
1.0761;-inf
1.1229;-inf
1.1877;-inf
1.2420;-inf
1.2726;-inf
1.2396;-inf
1.3115;-inf
1.3132;-inf
1.4026;-inf
1.3605;-inf
1.4682;-inf
1.4679;-inf
1.4387;-inf
1.4907;-inf
1.5320;-inf
1.0072;-inf
1.0073;-inf
1.0101;-inf
0.9910;-inf
0.9927;-inf
0.9938;-inf
0.9966;-inf
0.9995;-inf
1.0062;-inf
1.0045;-inf
1.0024;-inf
0.7652;-inf
0.8067;-inf
0.8438;-inf
0.8711;-inf
0.6111;-inf
0.6641;-inf
0.4974;-inf
0.4221;-inf
0.2458;-inf
1.1182;-inf
1.1712;-inf
1.1416;-inf
1.2100;-inf
1.2070;-inf
0.1431;-inf
0.1400;-inf
0.3670;-inf
0.2120;-inf
1.1914;-inf
1.1622;-inf
1.0690;-inf
1.1189;-inf
0.5562;-inf
0.7584;-inf
1.0124;-inf
0.9287;-inf
0.8750;-inf
0.9944;-inf
0.9961;-inf
0.8875;-inf
0.8460;-inf
0.7936;-inf
0.7423;-inf
0.6984;-inf
0.6808;-inf
0.7451;-inf
0.6946;-inf
0.8255;-inf
0.9034;-inf
0.9449;-inf
0.9665;-inf
0.9791;-inf
0.9862;-inf
0.9910;-inf
0.9941;-inf
0.9973;-inf
1.0619;-inf
1.0574;-inf
1.0507;-inf
1.0450;-inf
1.0834;-inf
1.0683;-inf
1.0405;-inf
1.0373;-inf
1.0349;-inf
1.0353;-inf
0.9750;-inf
0.9772;-inf
0.9866;-inf
0.9996;-inf
1.0131;-inf
1.0245;-inf
1.0322;-inf
1.0357;-inf
1.0373;-inf
1.0993;-inf
1.0838;-inf
1.1695;-inf
1.1811;-inf
1.1608;-inf
1.1517;-inf
1.1191;-inf
1.0968;-inf
1.0652;-inf
1.0472;-inf
1.0281;-inf
1.0131;-inf
0.9883;-inf
1.1575;-inf
1.1334;-inf
1.1888;-inf
1.1851;-inf
1.0186;0.0000
0.9648;0.0000
0.9873;0.0000
1.1017;0.0000
1.0604;0.0000
0.9141;0.0000
0.9320;0.0000
0.8647;0.0000
0.8749;0.0000
0.8559;0.0000
0.8499;0.0000
0.9052;0.0000
0.8754;0.0000
1.0211;0.0000
0.9598;0.0000
1.0873;0.0000
1.1774;0.0000
1.0140;0.0000
1.0176;0.0000
1.0203;0.0000
1.0260;0.0000
1.0494;0.0000
1.0738;0.0000
1.0368;0.0000
1.0522;0.0000
1.1981;0.0000
1.2575;0.0000
1.3336;0.0000
1.4143;0.0000
1.4998;0.0000
1.1102;0.0000
1.1744;0.0000
1.2633;0.0000
1.2200;0.0000
1.3471;0.0000
1.3373;0.0000
1.4550;0.0000
1.4570;0.0000
1.5388;0.0000
1.5566;0.0000
1.5799;0.0000
1.6166;0.0000
1.5551;0.0000
1.5642;0.0000
1.6236;0.0000
1.5710;0.0000
1.0099;0.0000
1.0133;0.0000
1.0085;0.0000
0.9956;0.0000
0.9986;0.0000
0.9974;0.0000
1.0016;0.0000
1.0064;0.0000
1.0041;0.0000
0.7141;0.0000
0.7555;0.0000
0.7891;0.0000
0.8106;0.0000
0.5683;0.0000
0.6281;0.0000
1.0968;0.0000
0.3916;0.0000
0.4771;0.0000
0.2276;0.0000
0.1638;0.0000
1.1144;0.0000
1.1620;0.0000
1.1353;0.0000
1.1549;0.0000
1.1389;0.0000
0.1845;0.0000
0.4842;0.0000
0.3064;0.0000
1.1137;0.0000
1.0430;0.0000
1.0823;0.0000
0.7096;0.0000
0.8363;0.0000
0.9889;0.0000
0.9387;0.0000
0.9100;0.0000
0.9990;0.0000
1.0000;0.0000
0.9997;0.0000
0.7951;0.0000
0.7775;0.0000
0.7538;0.0000
0.7438;0.0000
0.7459;0.0000
0.8212;0.0000
0.7724;0.0000
0.9032;0.0000
0.9523;0.0000
0.9690;0.0000
0.9832;0.0000
0.9881;0.0000
0.9927;0.0000
0.9938;0.0000
0.9955;0.0000
0.9977;0.0000
1.0585;0.0000
1.0513;0.0000
1.0454;0.0000
1.0408;0.0000
1.0708;0.0000
1.0595;0.0000
1.0374;0.0000
1.0344;0.0000
1.0352;0.0000
0.9738;0.0000
0.9782;0.0000
0.9874;0.0000
0.9995;0.0000
1.0120;0.0000
1.0225;0.0000
1.0292;0.0000
1.0317;0.0000
1.0314;0.0000
1.0827;0.0000
1.0708;0.0000
1.1651;0.0000
1.1483;0.0000
1.1794;0.0000
1.1132;0.0000
1.0878;0.0000
1.0691;0.0000
1.0485;0.0000
1.0324;0.0000
1.0119;0.0000
0.9602;0.0000
0.9836;0.0000
1.1744;0.0000
1.1442;0.0000
1.1892;0.0000
1.1845;0.0000
1.0119;0.0000
0.9540;0.0000
0.9791;0.0000
1.1075;0.0000
1.0553;0.0000
0.8919;0.0000
0.9151;0.0000
0.8524;0.0000
0.8653;0.0000
0.8545;0.0000
0.8465;0.0000
0.9089;0.0000
0.8723;0.0000
1.0098;0.0000
0.9430;0.0000
1.1374;0.0000
1.0447;0.0000
1.0176;0.0000
1.0298;0.0000
1.0413;0.0000
1.0232;0.0000
1.0357;0.0000
1.0736;0.0000
1.1067;0.0000
1.0584;0.0000
1.0787;0.0000
1.2712;0.0000
1.3570;0.0000
1.4660;0.0000
1.5170;0.0000
1.1525;0.0000
1.2309;0.0000
1.1479;0.0000
1.2916;0.0000
1.2135;0.0000
1.4198;0.0000
1.3386;0.0000
1.5306;0.0000
1.4538;0.0000
1.6059;0.0000
1.5374;0.0000
1.6344;0.0000
1.5845;0.0000
1.5242;0.0000
1.6074;0.0000
1.5333;0.0000
1.5826;0.0000
1.0112;0.0000
1.0145;0.0000
1.0087;0.0000
1.0004;0.0000
1.0016;0.0000
1.0031;0.0000
1.0058;0.0000
0.6808;0.0000
0.7214;0.0000
0.7523;0.0000
0.7641;0.0000
0.5546;0.0000
0.6173;0.0000
0.4926;0.0000
1.1073;0.0000
1.0924;0.0000
1.0796;0.0000
0.4002;0.0000
0.2776;0.0000
0.3147;0.0000
0.2394;0.0000
1.1257;0.0000
1.1171;0.0000
1.0833;0.0000
1.1025;0.0000
0.4608;0.0000
0.6831;0.0000
1.0595;0.0000
1.0160;0.0000
0.8145;0.0000
0.8917;0.0000
0.9808;0.0000
0.9522;0.0000
0.9372;0.0000
1.0027;0.0000
1.0026;0.0000
1.0021;0.0000
0.9997;0.0000
0.7664;0.0000
0.7719;0.0000
0.7999;0.0000
0.7794;0.0000
0.8318;0.0000
0.9023;0.0000
0.9495;0.0000
0.9700;0.0000
0.9838;0.0000
0.9892;0.0000
0.9930;0.0000
0.9934;0.0000
0.9935;0.0000
0.9943;0.0000
0.9970;0.0000
1.0515;0.0000
1.0454;0.0000
1.0372;0.0000
1.0407;0.0000
1.0595;0.0000
1.0512;0.0000
1.0347;0.0000
1.0311;0.0000
0.9745;0.0000
0.9795;0.0000
0.9883;0.0000
0.9994;0.0000
1.0105;0.0000
1.0195;0.0000
1.0247;0.0000
1.0260;0.0000
1.0263;0.0000
1.0692;0.0000
1.0583;0.0000
0.9350;0.0000
1.1501;0.0000
1.1716;0.0000
1.1107;0.0000
1.0875;0.0000
1.0695;0.0000
1.0545;0.0000
1.0335;0.0000
1.0119;0.0000
0.9557;0.0000
0.9812;0.0000
1.1629;0.0000
1.1264;0.0000
1.1803;0.0000
1.1660;0.0000
1.0060;0.0000
0.9428;0.0000
1.0782;0.0000
1.0153;0.0000
0.8873;0.0000
0.8542;0.0000
0.8520;0.0000
0.8955;0.0000
0.9652;0.0000
1.0546;0.0000
1.0180;0.0000
1.0279;0.0000
1.0491;0.0000
1.0671;0.0000
1.0405;0.0000
1.0549;0.0000
1.1103;0.0000
1.1493;0.0000
1.0896;0.0000
1.1204;0.0000
1.3333;0.0000
1.4362;0.0000
1.4424;0.0000
1.2089;0.0000
1.2802;0.0000
1.1216;0.0000
1.2330;0.0000
1.3495;0.0000
1.4289;0.0000
1.4892;0.0000
1.5072;0.0000
1.4388;0.0000
1.4855;0.0000
1.0110;0.0000
1.0045;0.0000
1.0077;0.0000
1.0136;0.0000
1.0213;0.0000
1.0059;0.0000
1.0062;0.0000
0.6706;0.0000
0.7111;0.0000
0.7409;0.0000
0.7675;0.0000
0.5704;0.0000
0.6322;0.0000
0.4565;0.0000
0.5414;0.0000
1.0982;0.0000
1.0856;0.0000
1.0751;0.0000
1.0659;0.0000
0.3639;0.0000
0.4885;0.0000
0.3843;0.0000
1.0897;0.0000
1.0609;0.0000
1.0775;0.0000
0.6796;0.0000
0.8063;0.0000
1.0348;0.0000
1.0040;0.0000
0.8820;0.0000
0.9285;0.0000
0.9807;0.0000
0.9644;0.0000
0.9564;0.0000
1.0059;0.0000
1.0049;0.0000
1.0017;0.0000
0.9991;0.0000
0.7886;0.0000
0.8446;0.0000
0.8147;0.0000
0.9008;0.0000
0.9433;0.0000
0.9690;0.0000
0.9837;0.0000
0.9892;0.0000
0.9930;0.0000
0.9927;0.0000
0.9917;0.0000
0.9910;0.0000
0.9924;0.0000
0.9961;0.0000
1.0451;0.0000
1.0367;0.0000
1.0403;0.0000
1.0503;0.0000
1.0442;0.0000
1.0319;0.0000
1.0272;0.0000
0.9766;0.0000
0.9814;0.0000
0.9894;0.0000
0.9992;0.0000
1.0088;0.0000
1.0160;0.0000
1.0196;0.0000
1.0214;0.0000
1.0227;0.0000
1.0563;0.0000
1.0487;0.0000
0.9035;0.0000
0.9243;0.0000
0.8787;0.0000
1.1392;0.0000
1.1057;0.0000
1.1596;0.0000
1.0853;0.0000
1.0599;0.0000
1.0361;0.0000
1.0114;0.0000
0.9501;0.0000
0.9792;0.0000
1.1355;0.0000
1.0733;0.0000
1.1567;0.0000
1.1093;0.0000
0.9655;0.0000
0.9114;0.0000
1.0226;0.0000
0.9845;0.0000
0.8669;0.0000
0.8494;0.0000
0.8522;0.0000
0.8951;0.0000
0.9453;0.0000
1.0068;0.0000
1.0496;0.0000
1.0313;0.0000
1.0438;0.0000
1.0730;0.0000
1.0958;0.0000
1.0584;0.0000
1.0762;0.0000
1.1600;0.0000
1.2117;0.0000
1.1254;0.0000
1.1614;0.0000
1.3582;0.0000
1.2723;0.0000
1.1503;0.0000
1.2428;0.0000
1.3172;0.0000
1.3699;0.0000
1.3951;0.0000
1.3803;0.0000
1.3984;0.0000
1.0095;0.0000
1.0105;0.0000
1.0155;0.0000
1.0233;0.0000
1.0332;0.0000
1.0107;0.0000
1.0099;0.0000
0.6829;0.0000
0.7332;0.0000
0.8113;0.0000
0.7732;0.0000
0.6133;0.0000
0.6708;0.0000
0.6129;0.0000
0.5351;0.0000
0.5014;0.0000
1.0689;0.0000
1.0776;0.0000
1.0700;0.0000
1.0531;0.0000
1.0616;0.0000
0.5480;0.0000
0.7076;0.0000
1.0601;0.0000
1.0391;0.0000
0.8083;0.0000
0.8794;0.0000
1.0196;0.0000
0.9986;0.0000
0.9235;0.0000
0.9516;0.0000
0.9833;0.0000
0.9737;0.0000
0.9689;0.0000
1.0085;0.0000
1.0042;0.0000
1.0012;0.0000
0.9984;0.0000
0.8468;0.0000
0.9005;0.0000
0.9385;0.0000
0.9642;0.0000
0.9810;0.0000
0.9881;0.0000
0.9923;0.0000
0.9920;0.0000
0.9903;0.0000
0.9884;0.0000
0.9883;0.0000
0.9907;0.0000
0.9949;0.0000
1.0396;0.0000
1.0429;0.0000
1.0336;0.0000
1.0280;0.0000
1.0233;0.0000
0.9796;0.0000
0.9839;0.0000
0.9910;0.0000
0.9994;0.0000
1.0071;0.0000
1.0126;0.0000
1.0162;0.0000
1.0181;0.0000
1.0191;0.0000
1.0465;0.0000
0.8887;0.0000
0.9164;0.0000
0.8559;0.0000
0.8567;0.0000
1.1308;0.0000
1.1150;0.0000
1.0921;0.0000
1.0624;0.0000
1.0369;0.0000
1.0120;0.0000
0.9447;0.0000
0.9800;0.0000
1.0625;0.0000
1.0336;0.0000
1.0830;0.0000
1.0618;0.0000
0.9401;0.0000
0.8921;0.0000
1.0085;0.0000
0.9722;0.0000
0.8512;0.0000
0.8360;0.0000
0.8349;0.0000
0.8646;0.0000
0.8974;0.0000
0.9463;0.0000
1.0662;0.0000
0.9724;0.0000
1.0456;0.0000
1.0598;0.0000
1.0981;0.0000
1.1247;0.0000
1.0768;0.0000
1.0964;0.0000
1.2094;0.0000
1.1558;0.0000
1.3058;0.0000
1.2286;0.0000
1.1510;0.0000
1.2205;0.0000
1.3105;0.0000
1.2734;0.0000
1.3288;0.0000
1.2709;0.0000
1.0165;0.0000
1.0242;0.0000
1.0164;0.0000
1.0340;0.0000
1.0458;0.0000
1.0154;0.0000
1.0131;0.0000
0.7342;0.0000
0.8361;0.0000
0.7897;0.0000
0.6743;0.0000
0.7500;0.0000
0.6412;0.0000
0.6418;0.0000
0.6970;0.0000
1.0618;0.0000
1.0547;0.0000
1.0493;0.0000
1.0560;0.0000
0.7362;0.0000
0.8230;0.0000
1.0421;0.0000
1.0253;0.0000
0.8791;0.0000
0.9211;0.0000
1.0108;0.0000
0.9965;0.0000
0.9478;0.0000
0.9655;0.0000
0.9863;0.0000
0.9802;0.0000
0.9765;0.0000
1.0073;0.0000
1.0037;0.0000
1.0006;0.0000
0.9975;0.0000
0.8948;0.0000
0.9331;0.0000
0.9592;0.0000
0.9759;0.0000
0.9861;0.0000
0.9912;0.0000
0.9912;0.0000
0.9893;0.0000
0.9867;0.0000
0.9854;0.0000
0.9863;0.0000
0.9890;0.0000
0.9936;0.0000
1.0349;0.0000
1.0367;0.0000
1.0288;0.0000
1.0236;0.0000
1.0194;0.0000
0.9834;0.0000
0.9870;0.0000
0.9930;0.0000
0.9998;0.0000
1.0064;0.0000
1.0113;0.0000
1.0139;0.0000
1.0156;0.0000
1.0161;0.0000
1.0369;0.0000
0.8052;0.0000
0.8705;0.0000
0.9049;0.0000
0.8128;0.0000
0.8305;0.0000
1.0815;0.0000
1.0588;0.0000
1.0690;0.0000
1.0368;0.0000
1.0174;0.0000
0.9466;0.0000
0.9882;0.0000
1.0459;0.0000
1.0338;0.0000
1.0583;0.0000
1.0637;0.0000
0.9275;0.0000
0.8783;0.0000
1.0109;0.0000
0.9727;0.0000
0.8325;0.0000
0.8118;0.0000
0.8029;0.0000
0.8251;0.0000
1.0688;0.0000
0.8590;0.0000
0.8842;0.0000
0.9895;0.0000
0.9045;0.0000
1.0595;0.0000
1.0749;0.0000
1.1213;0.0000
1.0916;0.0000
1.1701;0.0000
1.1290;0.0000
1.2319;0.0000
1.1721;0.0000
1.1375;0.0000
1.2414;0.0000
1.1940;0.0000
1.2127;0.0000
1.1813;0.0000
1.0652;0.0000
1.0239;0.0000
1.0333;0.0000
1.0223;0.0000
1.0577;0.0000
1.0450;0.0000
1.0195;0.0000
1.0121;0.0000
0.8137;0.0000
0.7759;0.0000
0.8802;0.0000
0.7301;0.0000
0.7794;0.0000
1.0500;0.0000
1.0396;0.0000
1.0361;0.0000
0.8338;0.0000
0.8807;0.0000
1.0289;0.0000
1.0162;0.0000
0.9182;0.0000
0.9433;0.0000
1.0056;0.0000
0.9959;0.0000
0.9618;0.0000
0.9728;0.0000
0.9891;0.0000
0.9844;0.0000
0.9807;0.0000
1.0070;0.0000
1.0033;0.0000
0.9999;0.0000
0.9963;0.0000
0.9252;0.0000
0.9528;0.0000
0.9712;0.0000
0.9821;0.0000
0.9888;0.0000
0.9900;0.0000
0.9886;0.0000
0.9858;0.0000
0.9838;0.0000
0.9836;0.0000
0.9848;0.0000
0.9876;0.0000
0.9921;0.0000
1.0290;0.0000
1.0284;0.0000
1.0234;0.0000
1.0191;0.0000
1.0158;0.0000
0.9878;0.0000
0.9906;0.0000
0.9954;0.0000
1.0018;0.0000
1.0073;0.0000
1.0103;0.0000
1.0125;0.0000
1.0133;0.0000
1.0134;0.0000
1.0260;0.0000
0.7595;0.0000
0.7691;0.0000
0.8599;0.0000
0.9024;0.0000
0.7821;0.0000
0.8098;0.0000
1.0542;0.0000
1.0631;0.0000
1.0448;0.0000
1.0306;0.0000
0.9583;0.0000
1.0085;0.0000
1.0677;0.0000
1.0553;0.0000
1.0828;0.0000
1.1047;0.0000
0.7286;0.0000
0.9218;0.0000
0.8640;0.0000
1.0280;0.0000
0.9809;0.0000
0.8076;0.0000
0.7783;0.0000
0.7635;0.0000
0.7892;0.0000
0.9955;0.0000
0.9160;0.0000
0.7994;0.0000
0.8134;0.0000
0.8259;0.0000
1.0721;0.0000
1.0976;0.0000
1.0755;0.0000
1.1284;0.0000
1.0965;0.0000
1.1607;0.0000
1.1181;0.0000
1.1221;0.0000
1.1204;0.0000
1.1176;0.0000
1.1055;0.0000
1.0038;0.0000
0.9310;0.0000
1.0315;0.0000
1.0547;0.0000
1.0288;0.0000
1.0435;0.0000
1.0192;0.0000
1.0128;0.0000
0.8608;0.0000
0.8268;0.0000
0.9109;0.0000
0.8667;0.0000
0.8967;0.0000
1.0258;0.0000
1.0176;0.0000
1.0181;0.0000
0.9278;0.0000
0.9465;0.0000
1.0091;0.0000
1.0033;0.0000
0.9635;0.0000
0.9725;0.0000
0.9973;0.0000
0.9936;0.0000
0.9798;0.0000
0.9900;0.0000
0.9854;0.0000
1.0069;0.0000
1.0026;0.0000
0.9982;0.0000
0.9942;0.0000
0.9449;0.0000
0.9649;0.0000
0.9779;0.0000
0.9851;0.0000
0.9882;0.0000
0.9879;0.0000
0.9857;0.0000
0.9837;0.0000
0.9829;0.0000
0.9830;0.0000
0.9842;0.0000
0.9867;0.0000
0.9896;0.0000
1.0222;0.0000
1.0197;0.0000
1.0178;0.0000
1.0148;0.0000
1.0126;0.0000
0.9923;0.0000
0.9943;0.0000
0.9995;0.0000
1.0047;0.0000
1.0077;0.0000
1.0102;0.0000
1.0113;0.0000
1.0118;0.0000
1.0113;0.0000
1.0131;0.0000
0.7191;0.0000
0.7302;0.0000
0.8487;0.0000
0.9116;0.0000
0.7531;0.0000
0.7983;0.0000
1.0625;0.0000
1.0653;0.0000
1.1050;0.0000
0.9816;0.0000
1.0595;0.0000
1.1118;0.0000
1.0944;0.0000
1.1537;0.0000
1.1777;0.0000
0.7150;0.0000
0.6975;0.0000
0.9166;0.0000
0.8449;0.0000
1.0541;0.0000
0.9895;0.0000
0.7760;0.0000
0.7424;0.0000
0.7303;0.0000
0.7269;0.0000
0.8515;0.0000
0.7236;0.0000
0.7603;0.0000
0.7349;0.0000
1.0594;0.0000
1.0739;0.0000
1.0584;0.0000
1.0876;0.0000
1.0659;0.0000
1.0975;0.0000
1.0699;0.0000
1.0295;0.0000
1.0377;0.0000
1.0454;0.0000
1.0443;0.0000
0.7980;0.0000
0.8724;0.0000
0.9234;0.0000
1.0426;0.0000
1.0322;0.0000
1.0489;0.0000
1.0233;0.0000
1.0137;0.0000
0.8931;0.0000
0.9317;0.0000
0.9157;0.0000
0.9379;0.0000
0.9527;0.0000
1.0114;0.0000
1.0088;0.0000
1.0066;0.0000
0.9661;0.0000
0.9738;0.0000
1.0022;0.0000
0.9993;0.0000
0.9799;0.0000
0.9844;0.0000
0.9965;0.0000
0.9927;0.0000
0.9891;0.0000
1.0064;0.0000
0.9995;0.0000
0.9946;0.0000
0.9902;0.0000
0.9577;0.0000
0.9723;0.0000
0.9814;0.0000
0.9852;0.0000
0.9862;0.0000
0.9855;0.0000
0.9846;0.0000
0.9840;0.0000
0.9836;0.0000
0.9839;0.0000
0.9847;0.0000
0.9858;0.0000
0.9866;0.0000
1.0153;0.0000
1.0108;0.0000
1.0128;0.0000
1.0112;0.0000
1.0103;0.0000
0.9968;0.0000
0.9996;0.0000
1.0037;0.0000
1.0062;0.0000
1.0088;0.0000
1.0099;0.0000
1.0106;0.0000
1.0103;0.0000
1.0090;0.0000
1.0073;0.0000
0.7134;0.0000
0.7191;0.0000
0.8733;0.0000
0.9725;0.0000
0.7567;0.0000
0.8359;0.0000
1.1228;0.0000
1.2048;0.0000
1.0885;0.0000
1.2075;0.0000
1.1796;0.0000
1.1455;0.0000
1.2620;0.0000
1.2847;0.0000
0.7274;0.0000
0.6977;0.0000
0.6990;0.0000
0.9049;0.0000
0.8166;0.0000
1.0790;0.0000
0.9894;0.0000
0.7373;0.0000
0.6991;0.0000
0.6545;0.0000
0.6369;0.0000
0.6975;0.0000
0.5926;0.0000
0.6575;0.0000
0.6343;0.0000
0.4699;0.0000
0.4802;0.0000
1.0497;0.0000
1.0518;0.0000
1.0440;0.0000
1.0514;0.0000
1.0390;0.0000
1.0447;0.0000
1.0297;0.0000
0.9586;0.0000
0.9753;0.0000
0.9895;0.0000
0.9959;0.0000
0.6679;0.0000
0.5599;0.0000
0.7666;0.0000
0.8365;0.0000
0.8792;0.0000
0.6174;0.0000
0.5654;0.0000
1.0376;0.0000
1.0362;0.0000
1.0254;0.0000
1.0144;0.0000
1.0048;0.0000
0.9484;0.0000
0.9596;0.0000
0.9662;0.0000
0.9700;0.0000
0.9760;0.0000
1.0052;0.0000
1.0055;0.0000
1.0030;0.0000
0.9809;0.0000
0.9847;0.0000
1.0010;0.0000
0.9982;0.0000
0.9888;0.0000
0.9952;0.0000
0.9929;0.0000
0.9973;0.0000
0.9922;0.0000
0.9887;0.0000
0.9864;0.0000
0.9780;0.0000
0.9834;0.0000
0.9857;0.0000
0.9861;0.0000
0.9857;0.0000
0.9867;0.0000
0.9873;0.0000
0.9873;0.0000
0.9872;0.0000
0.9873;0.0000
0.9870;0.0000
0.9866;0.0000
1.0092;0.0000
1.0091;0.0000
1.0075;0.0000
1.0093;0.0000
1.0096;0.0000
1.0004;0.0000
1.0027;0.0000
1.0052;0.0000
1.0074;0.0000
1.0090;0.0000
1.0099;0.0000
1.0101;0.0000
1.0097;0.0000
1.0102;0.0000
1.0065;0.0000
0.7054;0.0000
0.7211;0.0000
0.9540;0.0000
1.1003;0.0000
0.7936;0.0000
0.9196;0.0000
1.3350;0.0000
1.4316;0.0000
1.2602;0.0000
1.4248;0.0000
1.2638;0.0000
1.1914;0.0000
1.4591;0.0000
1.4084;0.0000
0.6886;0.0000
0.6825;0.0000
0.6805;0.0000
0.6798;0.0000
0.6603;0.0000
0.8786;0.0000
0.7755;0.0000
1.0915;0.0000
0.9639;0.0000
0.6725;0.0000
0.5991;0.0000
0.5399;0.0000
0.5432;0.0000
0.5251;0.0000
0.4033;0.0000
0.3754;0.0000
0.4131;0.0000
0.5394;0.0000
1.0294;0.0000
1.0327;0.0000
1.0176;0.0000
1.0211;0.0000
1.0163;0.0000
1.0027;0.0000
0.9980;0.0000
0.9086;0.0000
0.9284;0.0000
0.9469;0.0000
0.9592;0.0000
0.7006;0.0000
0.7707;0.0000
0.8162;0.0000
0.8449;0.0000
0.7046;0.0000
0.6973;0.0000
0.7001;0.0000
1.0228;0.0000
1.0106;0.0000
1.0154;0.0000
1.0008;0.0000
0.9940;0.0000
0.9741;0.0000
0.9786;0.0000
0.9812;0.0000
0.9824;0.0000
0.9855;0.0000
1.0042;0.0000
1.0051;0.0000
1.0022;0.0000
0.9891;0.0000
0.9927;0.0000
1.0000;0.0000
0.9980;0.0000
0.9962;0.0000
0.9897;0.0000
0.9865;0.0000
0.9845;0.0000
0.9857;0.0000
0.9851;0.0000
0.9873;0.0000
0.9885;0.0000
0.9884;0.0000
0.9892;0.0000
0.9907;0.0000
0.9911;0.0000
0.9908;0.0000
0.9900;0.0000
0.9890;0.0000
0.9876;0.0000
1.0082;0.0000
1.0088;0.0000
1.0073;0.0000
1.0095;0.0000
1.0106;0.0000
1.0034;0.0000
1.0050;0.0000
1.0069;0.0000
1.0084;0.0000
1.0096;0.0000
1.0100;0.0000
1.0100;0.0000
1.0112;0.0000
1.0117;0.0000
1.0062;0.0000
0.6845;0.0000
0.7410;0.0000
1.0840;0.0000
1.2697;0.0000
0.8667;0.0000
1.0358;0.0000
1.5249;0.0000
1.5341;0.0000
1.4346;0.0000
1.5147;0.0000
1.3045;0.0000
1.1455;0.0000
1.4637;0.0000
1.3129;0.0000
0.6105;0.0000
0.6070;0.0000
0.5970;0.0000
0.6042;0.0000
0.5850;0.0000
0.5616;0.0000
0.8403;0.0000
0.9866;0.0000
0.6890;0.0000
0.7868;0.0000
0.5339;0.0000
0.5973;0.0000
0.4462;0.0000
0.4445;0.0000
0.3929;0.0000
0.3270;0.0000
0.3520;0.0000
0.3202;0.0000
0.3970;0.0000
0.5382;0.0000
0.7063;0.0000
1.0043;0.0000
1.0019;0.0000
0.9922;0.0000
0.9962;0.0000
0.9858;0.0000
0.9726;0.0000
0.9753;0.0000
0.8691;0.0000
0.8924;0.0000
0.9372;0.0000
0.9147;0.0000
0.7615;0.0000
0.7354;0.0000
0.7527;0.0000
0.7770;0.0000
0.8052;0.0000
0.7368;0.0000
0.7231;0.0000
0.7849;0.0000
1.0035;0.0000
0.9954;0.0000
0.9951;0.0000
0.9898;0.0000
0.9856;0.0000
0.9839;0.0000
0.9866;0.0000
0.9873;0.0000
0.9898;0.0000
0.9934;0.0000
1.0036;0.0000
1.0021;0.0000
1.0052;0.0000
0.9968;0.0000
1.0007;0.0000
0.9998;0.0000
0.9829;0.0000
0.9822;0.0000
0.9844;0.0000
0.9868;0.0000
0.9902;0.0000
0.9934;0.0000
0.9940;0.0000
0.9947;0.0000
0.9952;0.0000
0.9956;0.0000
0.9948;0.0000
0.9935;0.0000
0.9916;0.0000
0.9895;0.0000
1.0082;0.0000
1.0093;0.0000
1.0076;0.0000
1.0108;0.0000
1.0123;0.0000
1.0057;0.0000
1.0070;0.0000
1.0083;0.0000
1.0095;0.0000
1.0101;0.0000
1.0104;0.0000
1.0121;0.0000
1.0132;0.0000
1.0139;0.0000
1.0069;0.0000
0.6738;0.0000
0.7998;0.0000
1.2273;0.0000
1.3613;0.0000
0.9630;0.0000
1.1394;0.0000
1.5066;0.0000
1.3955;0.0000
1.4219;0.0000
1.3771;0.0000
1.1413;0.0000
1.2254;0.0000
0.5390;0.0000
0.5140;0.0000
0.5379;0.0000
0.6139;0.0000
0.5407;0.0000
0.5159;0.0000
0.4769;0.0000
0.9254;0.0000
1.0299;0.0000
0.7157;0.0000
0.8604;0.0000
0.5183;0.0000
0.6623;0.0000
0.3731;0.0000
0.4743;0.0000
0.3047;0.0000
0.3566;0.0000
0.3303;0.0000
0.4179;0.0000
0.5655;0.0000
0.7223;0.0000
0.8032;0.0000
0.9854;0.0000
0.9792;0.0000
0.9733;0.0000
0.9691;0.0000
0.9632;0.0000
0.9557;0.0000
0.9488;0.0000
0.8362;0.0000
0.9109;0.0000
0.8751;0.0000
0.7663;0.0000
0.8068;0.0000
0.7294;0.0000
0.7466;0.0000
0.8194;0.0000
0.7767;0.0000
0.7391;0.0000
0.7331;0.0000
0.8374;0.0000
0.8415;0.0000
0.9887;0.0000
0.9836;0.0000
0.9798;0.0000
0.9802;0.0000
0.9792;0.0000
0.9904;0.0000
0.9944;0.0000
0.9941;0.0000
0.9977;0.0000
1.0007;0.0000
1.0042;0.0000
1.0065;0.0000
1.0036;0.0000
1.0032;0.0000
0.9790;0.0000
0.9824;0.0000
0.9857;0.0000
0.9888;0.0000
0.9985;0.0000
1.0004;0.0000
1.0019;0.0000
1.0023;0.0000
1.0014;0.0000
0.9998;0.0000
0.9975;0.0000
0.9951;0.0000
0.9924;0.0000
1.0090;0.0000
1.0109;0.0000
1.0088;0.0000
1.0128;0.0000
1.0146;0.0000
1.0077;0.0000
1.0088;0.0000
1.0099;0.0000
1.0105;0.0000
1.0109;0.0000
1.0130;0.0000
1.0147;0.0000
1.0159;0.0000
1.0167;0.0000
1.0087;0.0000
0.7354;0.0000
0.8853;0.0000
1.2461;0.0000
1.2645;0.0000
1.0413;0.0000
1.1034;0.0000
1.2516;0.0000
1.2095;0.0000
1.0948;0.0000
1.1082;0.0000
0.4711;0.0000
0.5052;0.0000
0.5806;0.0000
0.6913;0.0000
0.5146;0.0000
0.4902;0.0000
0.4743;0.0000
0.4831;0.0000
0.5484;0.0000
0.9567;0.0000
1.0073;0.0000
0.8127;0.0000
0.9048;0.0000
0.6282;0.0000
0.7845;0.0000
0.4659;0.0000
0.6235;0.0000
0.3910;0.0000
0.5004;0.0000
0.4789;0.0000
0.6154;0.0000
0.7482;0.0000
0.8205;0.0000
0.8570;0.0000
0.9692;0.0000
0.9595;0.0000
0.9608;0.0000
0.9452;0.0000
0.9491;0.0000
0.9102;0.0000
0.9199;0.0000
0.8651;0.0000
0.8832;0.0000
0.7985;0.0000
0.7654;0.0000
0.7495;0.0000
0.8351;0.0000
0.7860;0.0000
0.7595;0.0000
0.7808;0.0000
0.8304;0.0000
0.8707;0.0000
0.8689;0.0000
0.9758;0.0000
0.9692;0.0000
0.9751;0.0000
0.9750;0.0000
0.9763;0.0000
0.9985;0.0000
1.0022;0.0000
1.0038;0.0000
1.0051;0.0000
1.0063;0.0000
1.0091;0.0000
1.0069;0.0000
0.9806;0.0000
0.9843;0.0000
0.9880;0.0000
0.9916;0.0000
1.0072;0.0000
1.0091;0.0000
1.0098;0.0000
1.0087;0.0000
1.0058;0.0000
1.0023;0.0000
0.9988;0.0000
0.9954;0.0000
1.0110;0.0000
1.0111;0.0000
1.0131;0.0000
1.0097;0.0000
1.0153;0.0000
1.0176;0.0000
1.0107;0.0000
1.0113;0.0000
1.0117;0.0000
1.0141;0.0000
1.0162;0.0000
1.0179;0.0000
1.0192;0.0000
1.0201;0.0000
1.0115;0.0000
0.8217;0.0000
0.9532;0.0000
1.1041;0.0000
1.0052;0.0000
1.0765;0.0000
1.0240;0.0000
1.0204;0.0000
1.0046;0.0000
0.5207;0.0000
0.5880;0.0000
0.7871;0.0000
0.6821;0.0000
0.5481;0.0000
0.5552;0.0000
0.5737;0.0000
0.6104;0.0000
0.6003;0.0000
0.6094;0.0000
0.9526;0.0000
0.9663;0.0000
0.8741;0.0000
0.9156;0.0000
0.7761;0.0000
0.8536;0.0000
0.6498;0.0000
0.7765;0.0000
0.5792;0.0000
0.6867;0.0000
0.6789;0.0000
0.7730;0.0000
0.8354;0.0000
0.8695;0.0000
0.8863;0.0000
0.9623;0.0000
0.9522;0.0000
0.9584;0.0000
0.9275;0.0000
0.9391;0.0000
0.8976;0.0000
0.9160;0.0000
0.8614;0.0000
0.8891;0.0000
0.8011;0.0000
0.8038;0.0000
0.8210;0.0000
0.8298;0.0000
0.8596;0.0000
0.8457;0.0000
0.8609;0.0000
0.8925;0.0000
0.8916;0.0000
0.9696;0.0000
0.9659;0.0000
0.9717;0.0000
0.9736;0.0000
0.9786;0.0000
1.0074;0.0000
1.0117;0.0000
1.0096;0.0000
1.0102;0.0000
1.0123;0.0000
0.9830;0.0000
0.9869;0.0000
0.9908;0.0000
0.9946;0.0000
1.0147;0.0000
1.0157;0.0000
1.0148;0.0000
1.0118;0.0000
1.0074;0.0000
1.0029;0.0000
0.9989;0.0000
1.0135;0.0000
1.0138;0.0000
1.0158;0.0000
1.0118;0.0000
1.0125;0.0000
1.0141;0.0000
1.0177;0.0000
1.0184;0.0000
1.0212;0.0000
1.0128;0.0000
1.0154;0.0000
1.0178;0.0000
1.0198;0.0000
1.0217;0.0000
1.0234;0.0000
1.0244;0.0000
1.0143;0.0000
0.8943;0.0000
0.9507;0.0000
0.9651;0.0000
0.9533;0.0000
0.6660;0.0000
0.8070;0.0000
0.7310;0.0000
0.6224;0.0000
0.6444;0.0000
0.7183;0.0000
0.6773;0.0000
0.6559;0.0000
0.6663;0.0000
0.6810;0.0000
0.9292;0.0000
0.8879;0.0000
0.8450;0.0000
0.7886;0.0000
0.7467;0.0000
0.7993;0.0000
0.8433;0.0000
0.8735;0.0000
0.8919;0.0000
0.9014;0.0000
0.9629;0.0000
0.9477;0.0000
0.9572;0.0000
0.9302;0.0000
0.9446;0.0000
0.9106;0.0000
0.9308;0.0000
0.8898;0.0000
0.9160;0.0000
0.8550;0.0000
0.8700;0.0000
0.9020;0.0000
0.8908;0.0000
0.8873;0.0000
0.8922;0.0000
0.9061;0.0000
0.9099;0.0000
0.9689;0.0000
0.9679;0.0000
0.9716;0.0000
0.9770;0.0000
0.9816;0.0000
1.0136;0.0000
1.0129;0.0000
1.0167;0.0000
1.0142;0.0000
1.0155;0.0000
0.9859;0.0000
0.9898;0.0000
0.9936;0.0000
0.9976;0.0000
1.0182;0.0000
1.0176;0.0000
1.0154;0.0000
1.0112;0.0000
1.0063;0.0000
1.0016;0.0000
1.0161;0.0000
1.0163;0.0000
1.0188;0.0000
1.0146;0.0000
1.0200;0.0000
1.0172;0.0000
1.0257;0.0000
1.0219;0.0000
1.0256;0.0000
1.0196;0.0000
1.0216;0.0000
1.0238;0.0000
1.0265;0.0000
1.0285;0.0000
1.0303;0.0000
1.0173;0.0000
0.8833;0.0000
0.9080;0.0000
0.9132;0.0000
0.9010;0.0000
0.7666;0.0000
0.8333;0.0000
0.7019;0.0000
0.7619;0.0000
0.7283;0.0000
0.7082;0.0000
0.7182;0.0000
0.7496;0.0000
0.7321;0.0000
0.7562;0.0000
0.8794;0.0000
0.8484;0.0000
0.8158;0.0000
0.7845;0.0000
0.8186;0.0000
0.8485;0.0000
0.8734;0.0000
0.8903;0.0000
0.9012;0.0000
0.9089;0.0000
0.9639;0.0000
0.9553;0.0000
0.9470;0.0000
0.9369;0.0000
0.9290;0.0000
0.9190;0.0000
0.9216;0.0000
0.9187;0.0000
0.9145;0.0000
0.9698;0.0000
0.9756;0.0000
0.9806;0.0000
0.9849;0.0000
0.9649;0.0000
1.0150;0.0000
1.0163;0.0000
1.0153;0.0000
1.0163;0.0000
1.0178;0.0000
0.9889;0.0000
0.9927;0.0000
1.0002;0.0000
0.9964;0.0000
1.0164;0.0000
1.0147;0.0000
1.0122;0.0000
1.0080;0.0000
1.0037;0.0000
1.0188;0.0000
1.0219;0.0000
1.0197;0.0000
1.0219;0.0000
1.0261;0.0000
1.0236;0.0000
1.0306;0.0000
1.0258;0.0000
1.0310;0.0000
1.0256;0.0000
1.0285;0.0000
1.0321;0.0000
1.0361;0.0000
1.0389;0.0000
1.0202;0.0000
0.8744;0.0000
0.8851;0.0000
0.8842;0.0000
0.8717;0.0000
0.8088;0.0000
0.8488;0.0000
0.7707;0.0000
0.8100;0.0000
0.7655;0.0000
0.7928;0.0000
0.7774;0.0000
0.8085;0.0000
0.8004;0.0000
0.8541;0.0000
0.8309;0.0000
0.8094;0.0000
0.8338;0.0000
0.8582;0.0000
0.8781;0.0000
0.9049;0.0000
0.8937;0.0000
0.9134;0.0000
0.9607;0.0000
0.9556;0.0000
0.9495;0.0000
0.9438;0.0000
0.9606;0.0000
0.9385;0.0000
0.9345;0.0000
0.9354;0.0000
0.9399;0.0000
0.9415;0.0000
0.9722;0.0000
0.9782;0.0000
0.9830;0.0000
0.9874;0.0000
0.9628;0.0000
0.9705;0.0000
1.0159;0.0000
1.0163;0.0000
1.0153;0.0000
1.0177;0.0000
1.0199;0.0000
0.9916;0.0000
0.9999;0.0000
0.9957;0.0000
1.0137;0.0000
1.0111;0.0000
1.0075;0.0000
1.0039;0.0000
0.9629;0.0000
1.0229;0.0000
1.0235;0.0000
1.0272;0.0000
1.0266;0.0000
1.0281;0.0000
1.0295;0.0000
1.0317;0.0000
1.0325;0.0000
1.0450;0.0000
1.0311;0.0000
1.0361;0.0000
1.0442;0.0000
1.0541;0.0000
1.0232;0.0000
0.8712;0.0000
0.8747;0.0000
0.8706;0.0000
0.8591;0.0000
0.8408;0.0000
0.8636;0.0000
0.8200;0.0000
0.8479;0.0000
0.8186;0.0000
0.8421;0.0000
0.8491;0.0000
0.8414;0.0000
0.8445;0.0000
0.8272;0.0000
0.8491;0.0000
0.8691;0.0000
0.8866;0.0000
0.9110;0.0000
0.9003;0.0000
0.9433;0.0000
0.9572;0.0000
0.9538;0.0000
0.9479;0.0000
0.9503;0.0000
0.9618;0.0000
0.9604;0.0000
0.9465;0.0000
0.9506;0.0000
0.9576;0.0000
0.9613;0.0000
0.9766;0.0000
0.9817;0.0000
0.9906;0.0000
0.9862;0.0000
0.9702;0.0000
0.9759;0.0000
1.0155;0.0000
1.0167;0.0000
1.0138;0.0000
1.0189;0.0000
1.0252;0.0000
0.9949;0.0000
0.9999;0.0000
1.0113;0.0000
1.0091;0.0000
1.0056;0.0000
0.9708;0.0000
0.9644;0.0000
0.9646;0.0000
0.9670;0.0000
1.0278;0.0000
1.0316;0.0000
1.0386;0.0000
1.0291;0.0000
1.0290;0.0000
1.0313;0.0000
1.0270;0.0000
1.0519;0.0000
1.0671;0.0000
1.0365;0.0000
1.0465;0.0000
1.0638;0.0000
1.0333;0.0000
0.8743;0.0000
0.8737;0.0000
0.8680;0.0000
0.8573;0.0000
0.8681;0.0000
0.8799;0.0000
0.8630;0.0000
0.8819;0.0000
0.8669;0.0000
0.8862;0.0000
0.8798;0.0000
0.8960;0.0000
0.9246;0.0000
0.8444;0.0000
0.8643;0.0000
0.8972;0.0000
0.8824;0.0000
0.9096;0.0000
0.9441;0.0000
0.9650;0.0000
0.9585;0.0000
0.9562;0.0000
0.9572;0.0000
0.9642;0.0000
0.9639;0.0000
0.9585;0.0000
0.9642;0.0000
0.9715;0.0000
0.9764;0.0000
0.9808;0.0000
0.9898;0.0000
0.9852;0.0000
0.9759;0.0000
0.9800;0.0000
1.0150;0.0000
1.0195;0.0000
1.0142;0.0000
1.0256;0.0000
1.0322;0.0000
0.9953;0.0000
1.0022;0.0000
1.0121;0.0000
1.0090;0.0000
0.9723;0.0000
0.9761;0.0000
0.9742;0.0000
0.9681;0.0000
0.9688;0.0000
0.9707;0.0000
0.9726;0.0000
0.9754;0.0000
1.0423;0.0000
1.0548;0.0000
1.0423;0.0000
1.0281;0.0000
1.0226;0.0000
1.0317;0.0000
1.0140;0.0000
1.0744;0.0000
1.0743;0.0000
1.0403;0.0000
1.0584;0.0000
1.0403;0.0000
0.8831;0.0000
0.8801;0.0000
0.8732;0.0000
0.8624;0.0000
0.8943;0.0000
0.8989;0.0000
0.9024;0.0000
0.9147;0.0000
0.9126;0.0000
0.9283;0.0000
0.9385;0.0000
0.9543;0.0000
0.9726;0.0000
0.9889;0.0000
1.0236;0.0000
0.8814;0.0000
0.9099;0.0000
0.8969;0.0000
0.9469;0.0000
0.9687;0.0000
0.9816;0.0000
0.9636;0.0000
0.9693;0.0000
0.9657;0.0000
0.9883;0.0000
0.9692;0.0000
0.9755;0.0000
0.9826;0.0000
0.9838;0.0000
0.9795;0.0000
0.9896;0.0000
1.0186;0.0000
1.0163;0.0000
1.0237;0.0000
1.0339;0.0000
1.0296;0.0000
0.9982;0.0000
1.0066;0.0000
1.0134;0.0000
0.9765;0.0000
0.9770;0.0000
0.9739;0.0000
0.9778;0.0000
0.9823;0.0000
1.0535;0.0000
1.0735;0.0000
1.0471;0.0000
1.0210;0.0000
1.0256;0.0000
1.0075;0.0000
0.9903;0.0000
1.0752;0.0000
1.0603;0.0000
1.0358;0.0000
1.0379;0.0000
1.0266;0.0000
1.0158;0.0000
0.9284;0.0000
0.8968;0.0000
0.8918;0.0000
0.9004;0.0000
0.8835;0.0000
0.9214;0.0000
0.9207;0.0000
0.9409;0.0000
0.9479;0.0000
0.9689;0.0000
0.9782;0.0000
1.0048;0.0000
1.0167;0.0000
1.0416;0.0000
1.0566;0.0000
1.0716;0.0000
1.0902;0.0000
1.1110;0.0000
0.9138;0.0000
0.9517;0.0000
0.9748;0.0000
0.9881;0.0000
0.9949;0.0000
0.9979;0.0000
0.9714;0.0000
0.9763;0.0000
0.9746;0.0000
0.9916;0.0000
0.9787;0.0000
0.9849;0.0000
0.9844;0.0000
0.9811;0.0000
0.9932;0.0000
1.0211;0.0000
1.0278;0.0000
1.0247;0.0000
1.0034;0.0000
1.0176;0.0000
1.0118;0.0000
0.9807;0.0000
0.9810;0.0000
0.9858;0.0000
0.9853;0.0000
0.9880;0.0000
1.0195;0.0000
1.0135;0.0000
1.0099;0.0000
0.9261;0.0000
1.0649;0.0000
1.0512;0.0000
1.0663;0.0000
1.0042;0.0000
0.9582;0.0000
0.9813;0.0000
1.0520;0.0000
1.0078;0.0000
1.0289;0.0000
1.0335;0.0000
1.0166;0.0000
1.0076;0.0000
0.9478;0.0000
0.9244;0.0000
0.9323;0.0000
0.9147;0.0000
0.9224;0.0000
0.9079;0.0000
0.9499;0.0000
0.9453;0.0000
0.9828;0.0000
0.9800;0.0000
1.0239;0.0000
1.0226;0.0000
1.0666;0.0000
1.0681;0.0000
1.1039;0.0000
1.1087;0.0000
1.1285;0.0000
1.1377;0.0000
1.1370;0.0000
1.1495;0.0000
1.1423;0.0000
0.9608;0.0000
0.9842;0.0000
0.9979;0.0000
1.0044;0.0000
1.0058;0.0000
1.0058;0.0000
0.9987;0.0000
0.9926;0.0000
0.9790;0.0000
0.9835;0.0000
0.9826;0.0000
0.9867;0.0000
0.9890;0.0000
0.9875;0.0000
0.9992;0.0000
1.0204;0.0000
1.0171;0.0000
1.0161;0.0000
1.0089;0.0000
0.9889;0.0000
0.9901;0.0000
0.9881;0.0000
0.9905;0.0000
0.9923;0.0000
1.0106;0.0000
1.0082;0.0000
1.0050;0.0000
1.0021;0.0000
0.9266;0.0000
0.9257;0.0000
1.0498;0.0000
1.0297;0.0000
1.0352;0.0000
0.9724;0.0000
0.9895;0.0000
0.9535;0.0000
1.0123;0.0000
1.0092;0.0000
1.0015;0.0000
0.9960;0.0000
0.9398;0.0000
0.9274;0.0000
0.9228;0.0000
1.0039;0.0000
0.9985;0.0000
1.0029;0.0000
0.9380;0.0000
0.9735;0.0000
0.9760;0.0000
1.0172;0.0000
1.0629;0.0000
1.1075;0.0000
1.1388;0.0000
1.1565;0.0000
1.1508;0.0000
1.1273;0.0000
0.9990;0.0000
1.0136;0.0000
1.0191;0.0000
1.0185;0.0000
1.0154;0.0000
1.0107;0.0000
1.0081;0.0000
1.0053;0.0000
0.9933;0.0000
0.9861;0.0000
0.9896;0.0000
0.9956;0.0000
1.0120;0.0000
1.0047;0.0000
0.9905;0.0000
0.9925;0.0000
0.9952;0.0000
0.9937;0.0000
0.9941;0.0000
0.9942;0.0000
0.9953;0.0000
1.0067;0.0000
1.0058;0.0000
1.0040;0.0000
1.0019;0.0000
0.9294;0.0000
0.9991;0.0000
0.9937;0.0000
0.9291;0.0000
0.9276;0.0000
1.0145;0.0000
0.9702;0.0000
0.9923;0.0000
0.9941;0.0000
0.9886;0.0000
0.9844;0.0000
0.9857;0.0000
0.9546;0.0000
0.9367;0.0000
0.9259;0.0000
0.9251;0.0000
0.9983;0.0000
1.0015;0.0000
0.9955;0.0000
0.9986;0.0000
1.0040;0.0000
1.0082;0.0000
1.0448;0.0000
1.0284;0.0000
1.0835;0.0000
1.1106;0.0000
1.1298;0.0000
1.1260;0.0000
1.1085;0.0000
1.0839;0.0000
1.0391;0.0000
1.0376;0.0000
1.0327;0.0000
1.0229;0.0000
1.0153;0.0000
1.0111;0.0000
1.0086;0.0000
1.0070;0.0000
0.9925;0.0000
0.9943;0.0000
0.9962;0.0000
1.0005;0.0000
1.0022;0.0000
0.9980;0.0000
0.9958;0.0000
0.9968;0.0000
0.9967;0.0000
0.9968;0.0000
0.9976;0.0000
1.0022;0.0000
1.0017;0.0000
1.0002;0.0000
0.9979;0.0000
0.9337;0.0000
0.9339;0.0000
0.9935;0.0000
0.9863;0.0000
0.9331;0.0000
0.9318;0.0000
0.9744;0.0000
0.9524;0.0000
0.9711;0.0000
0.9687;0.0000
0.9713;0.0000
0.9764;0.0000
0.9360;0.0000
0.9288;0.0000
0.9297;0.0000
1.0013;0.0000
1.0036;0.0000
0.9991;0.0000
1.0014;0.0000
1.0064;0.0000
1.0604;0.0000
1.0600;0.0000
1.0845;0.0000
1.1026;0.0000
1.1021;0.0000
1.0894;0.0000
1.0706;0.0000
1.0524;0.0000
1.0533;0.0000
1.0389;0.0000
1.0257;0.0000
1.0169;0.0000
1.0126;0.0000
1.0106;0.0000
1.0094;0.0000
1.0087;0.0000
0.9974;0.0000
0.9996;0.0000
0.9981;0.0000
0.9997;0.0000
0.9987;0.0000
1.0005;0.0000
0.9988;0.0000
0.9987;0.0000
0.9993;0.0000
1.0004;0.0000
1.0000;0.0000
0.9391;0.0000
0.9984;0.0000
0.9947;0.0000
0.9395;0.0000
0.9394;0.0000
0.9891;0.0000
0.9809;0.0000
0.9388;0.0000
0.9382;0.0000
0.9513;0.0000
0.9547;0.0000
0.9395;0.0000
0.9605;0.0000
0.9712;0.0000
0.9342;0.0000
0.9375;0.0000
1.0037;0.0000
1.0063;0.0000
1.0017;0.0000
1.0040;0.0000
1.0087;0.0000
1.0769;0.0000
1.0578;0.0000
1.0791;0.0000
1.0712;0.0000
1.0577;0.0000
1.0440;0.0000
1.0343;0.0000
1.0388;0.0000
1.0248;0.0000
1.0166;0.0000
1.0128;0.0000
1.0119;0.0000
1.0109;0.0000
1.0105;0.0000
1.0107;0.0000
1.0001;0.0000
1.0005;0.0000
1.0020;0.0000
0.9997;0.0000
1.0001;0.0000
1.0005;0.0000
1.0008;0.0000
1.0008;0.0000
0.9999;0.0000
0.9450;0.0000
0.9457;0.0000
0.9974;0.0000
0.9929;0.0000
0.9460;0.0000
0.9462;0.0000
0.9866;0.0000
0.9784;0.0000
0.9464;0.0000
0.9470;0.0000
0.9453;0.0000
0.9437;0.0000
0.9560;0.0000
0.9690;0.0000
0.9478;0.0000
1.0067;0.0000
1.0091;0.0000
1.0043;0.0000
1.0071;0.0000
1.0114;0.0000
1.0541;0.0000
1.0345;0.0000
1.0456;0.0000
1.0359;0.0000
1.0289;0.0000
1.0217;0.0000
1.0220;0.0000
1.0155;0.0000
1.0123;0.0000
1.0120;0.0000
1.0119;0.0000
1.0118;0.0000
1.0121;0.0000
1.0130;0.0000
1.0023;0.0000
1.0011;0.0000
1.0023;0.0000
1.0044;0.0000
1.0024;0.0000
0.9511;0.0000
1.0026;0.0000
1.0010;0.0000
0.9519;0.0000
0.9527;0.0000
0.9980;0.0000
0.9928;0.0000
0.9534;0.0000
0.9545;0.0000
0.9863;0.0000
0.9786;0.0000
0.9558;0.0000
0.9580;0.0000
0.9558;0.0000
0.9712;0.0000
0.9611;0.0000
1.0099;0.0000
1.0123;0.0000
1.0075;0.0000
1.0105;0.0000
1.0145;0.0000
1.0285;0.0000
1.0238;0.0000
1.0192;0.0000
1.0186;0.0000
1.0149;0.0000
1.0136;0.0000
1.0115;0.0000
1.0120;0.0000
1.0122;0.0000
1.0126;0.0000
1.0131;0.0000
1.0142;0.0000
1.0159;0.0000
1.0042;0.0000
1.0058;0.0000
1.0076;0.0000
0.9572;0.0000
0.9581;0.0000
1.0059;0.0000
1.0039;0.0000
0.9591;0.0000
0.9603;0.0000
1.0000;0.0000
0.9943;0.0000
0.9619;0.0000
0.9641;0.0000
0.9877;0.0000
0.9813;0.0000
0.9670;0.0000
0.9712;0.0000
0.9773;0.0000
0.9631;0.0000
1.0137;0.0000
1.0162;0.0000
1.0110;0.0000
1.0150;0.0000
1.0185;0.0000
1.0158;0.0000
1.0133;0.0000
1.0121;0.0000
1.0106;0.0000
1.0105;0.0000
1.0114;0.0000
1.0122;0.0000
1.0128;0.0000
1.0136;0.0000
1.0148;0.0000
1.0168;0.0000
1.0197;0.0000
1.0100;0.0000
1.0148;0.0000
1.0108;0.0000
0.9640;0.0000
0.9652;0.0000
1.0090;0.0000
1.0050;0.0000
0.9667;0.0000
0.9687;0.0000
0.9991;0.0000
0.9922;0.0000
0.9712;0.0000
0.9746;0.0000
0.9859;0.0000
0.9788;0.0000
0.9836;0.0000
0.9685;0.0000
0.9694;0.0000
1.0183;0.0000
1.0214;0.0000
1.0194;0.0000
1.0238;0.0000
1.0235;0.0000
1.0102;0.0000
1.0096;0.0000
1.0090;0.0000
1.0111;0.0000
1.0120;0.0000
1.0129;0.0000
1.0136;0.0000
1.0147;0.0000
1.0168;0.0000
1.0247;0.0000
1.0201;0.0000
0.9733;0.0000
1.0160;0.0000
1.0146;0.0000
1.0213;0.0000
0.9707;0.0000
0.9724;0.0000
1.0105;0.0000
1.0043;0.0000
0.9746;0.0000
0.9775;0.0000
0.9974;0.0000
0.9935;0.0000
0.9810;0.0000
0.9854;0.0000
0.9904;0.0000
0.9742;0.0000
0.9755;0.0000
1.0272;0.0000
1.0296;0.0000
1.0260;0.0000
1.0296;0.0000
1.0306;0.0000
1.0090;0.0000
1.0108;0.0000
1.0120;0.0000
1.0130;0.0000
1.0134;0.0000
1.0137;0.0000
1.0283;0.0000
1.0154;0.0000
1.0256;0.0000
1.0189;0.0000
0.9775;0.0000
0.9783;0.0000
0.9810;0.0000
1.0201;0.0000
1.0248;0.0000
1.0159;0.0000
0.9773;0.0000
0.9796;0.0000
1.0096;0.0000
1.0054;0.0000
0.9827;0.0000
0.9865;0.0000
1.0012;0.0000
0.9913;0.0000
0.9974;0.0000
0.9796;0.0000
0.9814;0.0000
1.0318;0.0000
1.0316;0.0000
1.0284;0.0000
1.0310;0.0000
1.0284;0.0000
1.0114;0.0000
1.0123;0.0000
1.0139;0.0000
1.0139;0.0000
1.0143;0.0000
1.0160;0.0000
1.0233;0.0000
1.0226;0.0000
1.0192;0.0000
0.9817;0.0000
0.9829;0.0000
0.9837;0.0000
0.9843;0.0000
1.0206;0.0000
1.0168;0.0000
1.0258;0.0000
0.9838;0.0000
0.9869;0.0000
1.0122;0.0000
1.0071;0.0000
0.9909;0.0000
0.9960;0.0000
1.0023;0.0000
0.9846;0.0000
0.9870;0.0000
1.0304;0.0000
1.0261;0.0000
1.0281;0.0000
1.0269;0.0000
1.0206;0.0000
1.0119;0.0000
1.0140;0.0000
1.0164;0.0000
1.0139;0.0000
1.0136;0.0000
1.0147;0.0000
1.0188;0.0000
1.0164;0.0000
0.9857;0.0000
0.9854;0.0000
0.9870;0.0000
0.9862;0.0000
0.9870;0.0000
1.0218;0.0000
1.0235;0.0000
1.0165;0.0000
0.9900;0.0000
0.9940;0.0000
1.0110;0.0000
0.9990;0.0000
1.0055;0.0000
0.9892;0.0000
0.9920;0.0000
1.0225;0.0000
1.0174;0.0000
1.0221;0.0000
1.0176;0.0000
1.0133;0.0000
1.0138;0.0000
1.0118;0.0000
1.0132;0.0000
1.0099;0.0000
1.0112;0.0000
1.0113;0.0000
1.0118;0.0000
0.9870;0.0000
0.9873;0.0000
0.9885;0.0000
0.9903;0.0000
0.9880;0.0000
0.9892;0.0000
1.0180;0.0000
1.0164;0.0000
1.0120;0.0000
0.9957;0.0000
1.0003;0.0000
1.0062;0.0000
0.9929;0.0000
0.9959;0.0000
1.0135;0.0000
1.0097;0.0000
1.0122;0.0000
1.0090;0.0000
1.0064;0.0000
1.0034;0.0000
1.0080;0.0000
1.0071;0.0000
1.0069;0.0000
1.0063;0.0000
1.0061;0.0000
0.9878;0.0000
0.9878;0.0000
0.9882;0.0000
0.9906;0.0000
0.9927;0.0000
0.9889;0.0000
0.9900;0.0000
1.0103;0.0000
1.0000;0.0000
1.0067;0.0000
1.0046;0.0000
0.9950;0.0000
0.9981;0.0000
1.0058;0.0000
1.0026;0.0000
1.0045;0.0000
1.0017;0.0000
0.9996;0.0000
1.0009;0.0000
0.9968;0.0000
1.0037;0.0000
1.0020;0.0000
1.0013;0.0000
0.9880;0.0000
0.9880;0.0000
0.9882;0.0000
0.9886;0.0000
0.9912;0.0000
0.9929;0.0000
0.9891;0.0000
0.9899;0.0000
1.0016;0.0000
1.0002;0.0000
0.9947;0.0000
0.9969;0.0000
0.9988;0.0000
0.9957;0.0000
0.9978;0.0000
0.9951;0.0000
0.9925;0.0000
0.9895;0.0000
0.9943;0.0000
0.9969;0.0000
0.9953;0.0000
0.9878;0.0000
0.9879;0.0000
0.9880;0.0000
0.9881;0.0000
0.9883;0.0000
0.9907;0.0000
0.9918;0.0000
0.9885;0.0000
0.9887;0.0000
0.9952;0.0000
0.9925;0.0000
0.9928;0.0000
0.9905;0.0000
0.9917;0.0000
0.9884;0.0000
0.9895;0.0000
0.9855;0.0000
0.9847;0.0000
0.9864;0.0000
0.9888;0.0000
0.9814;0.0000
0.9874;0.0000
0.9875;0.0000
0.9875;0.0000
0.9875;0.0000
0.9875;0.0000
0.9873;0.0000
0.9888;0.0000
0.9890;0.0000
0.9869;0.0000
0.9864;0.0000
0.9876;0.0000
0.9836;0.0000
0.9863;0.0000
0.9824;0.0000
0.9816;0.0000
0.9770;0.0000
0.9792;0.0000
0.9737;0.0000
0.9732;0.0000
0.9790;0.0000
0.9694;0.0000
0.9870;0.0000
0.9870;0.0000
0.9869;0.0000
0.9867;0.0000
0.9865;0.0000
0.9863;0.0000
0.9855;0.0000
0.9856;0.0000
0.9820;0.0000
0.9841;0.0000
0.9824;0.0000
0.9779;0.0000
0.9715;0.0000
0.9776;0.0000
0.9711;0.0000
0.9685;0.0000
0.9652;0.0000
0.9633;0.0000
0.9579;0.0000
0.9611;0.0000
0.9585;0.0000
0.9558;0.0000
0.9867;0.0000
0.9866;0.0000
0.9864;0.0000
0.9861;0.0000
0.9856;0.0000
0.9851;0.0000
0.9844;0.0000
0.9825;0.0000
0.9785;0.0000
0.9724;0.0000
0.9799;0.0000
0.9751;0.0000
0.9637;0.0000
0.9652;0.0000
0.9545;0.0000
0.9550;0.0000
0.9521;0.0000
0.9492;0.0000
0.9529;0.0000
0.9494;0.0000
0.9539;0.0000
0.9537;0.0000
0.9555;0.0000
0.9867;0.0000
0.9865;0.0000
0.9862;0.0000
0.9857;0.0000
0.9851;0.0000
0.9841;0.0000
0.9830;0.0000
0.9816;0.0000
0.9783;0.0000
0.9682;0.0000
0.9737;0.0000
0.9580;0.0000
0.9661;0.0000
0.9509;0.0000
0.9596;0.0000
0.9474;0.0000
0.9555;0.0000
0.9529;0.0000
0.9574;0.0000
0.9554;0.0000
0.9577;0.0000
0.9611;0.0000
0.9635;0.0000
0.9700;0.0000
0.9871;0.0000
0.9869;0.0000
0.9865;0.0000
0.9859;0.0000
0.9851;0.0000
0.9840;0.0000
0.9806;0.0000
0.9825;0.0000
0.9779;0.0000
0.9741;0.0000
0.9696;0.0000
0.9665;0.0000
0.9644;0.0000
0.9632;0.0000
0.9661;0.0000
0.9721;0.0000
0.9778;0.0000
0.9879;0.0000
0.9877;0.0000
0.9873;0.0000
0.9867;0.0000
0.9859;0.0000
0.9848;0.0000
0.9816;0.0000
0.9834;0.0000
0.9806;0.0000
0.9800;0.0000
0.9788;0.0000
0.9787;0.0000
0.9789;0.0000
0.9803;0.0000
0.9829;0.0000
0.9828;0.0000
0.9891;0.0000
0.9888;0.0000
0.9885;0.0000
0.9880;0.0000
0.9864;0.0000
0.9873;0.0000
0.9852;0.0000
0.9863;0.0000
0.9864;0.0000
0.9866;0.0000
0.9867;0.0000
0.9869;0.0000
0.9874;0.0000
0.9860;0.0000
0.9859;0.0000
0.9905;0.0000
0.9903;0.0000
0.9900;0.0000
0.9896;0.0000
0.9885;0.0000
0.9891;0.0000
0.9899;0.0000
0.9907;0.0000
0.9910;0.0000
0.9911;0.0000
0.9910;0.0000
0.9895;0.0000
0.9886;0.0000
0.9891;0.0000
0.9920;0.0000
0.9918;0.0000
0.9913;0.0000
0.9916;0.0000
0.9910;0.0000
0.9925;0.0000
0.9933;0.0000
0.9936;0.0000
0.9935;0.0000
0.9924;0.0000
0.9914;0.0000
0.9910;0.0000
0.9913;0.0000
0.9934;0.0000
0.9932;0.0000
0.9930;0.0000
0.9931;0.0000
0.9943;0.0000
0.9949;0.0000
0.9951;0.0000
0.9945;0.0000
0.9937;0.0000
0.9932;0.0000
0.9931;0.0000
0.9937;0.0000
0.9945;0.0000
0.9947;0.0000
0.9945;0.0000
0.9955;0.0000
0.9960;0.0000
0.9958;0.0000
0.9954;0.0000
0.9951;0.0000
0.9949;0.0000
0.9951;0.0000
0.9956;0.0000
0.9956;0.0000
0.9957;0.0000
0.9964;0.0000
0.9966;0.0000
0.9966;0.0000
0.9965;0.0000
0.9964;0.0000
0.9965;0.0000
0.9970;0.0000
0.9978;0.0000
0.9969;0.0000
0.9964;0.0000
0.9969;0.0000
0.9973;0.0000
0.9974;0.0000
0.9975;0.0000
0.9978;0.0000
0.9975;0.0000
0.9980;0.0000
0.9977;0.0000
0.9983;0.0000
0.9981;0.0000
0.9987;0.0000
0.9988;0.0000
0.9994;0.0000
0.9996;0.0000
1.0005;0.0000
0.9973;0.0000
0.9974;0.0000
0.9976;0.0000
0.9978;0.0000
0.9976;0.0000
0.9982;0.0000
0.9982;0.0000
0.9985;0.0000
0.9986;0.0000
0.9990;0.0000
0.9992;0.0000
0.9998;0.0000
1.0000;0.0000
1.0011;0.0000
1.0015;0.0000
1.0023;0.0000
1.0029;0.0000
0.9978;0.0000
0.9980;0.0000
0.9981;0.0000
0.9979;0.0000
0.9980;0.0000
0.9985;0.0000
0.9982;0.0000
0.9991;0.0000
0.9990;0.0000
1.0000;0.0000
0.9999;0.0000
1.0015;0.0000
1.0013;0.0000
1.0032;0.0000
1.0032;0.0000
1.0047;0.0000
1.0049;0.0000
0.9981;0.0000
0.9983;0.0000
0.9983;0.0000
0.9982;0.0000
0.9982;0.0000
0.9986;0.0000
0.9985;0.0000
0.9995;0.0000
0.9991;0.0000
1.0009;0.0000
1.0004;0.0000
1.0028;0.0000
1.0022;0.0000
1.0048;0.0000
1.0043;0.0000
1.0062;0.0000
1.0061;0.0000
0.9982;0.0000
0.9984;0.0000
0.9983;0.0000
0.9983;0.0000
0.9982;0.0000
0.9988;0.0000
0.9985;0.0000
0.9998;0.0000
0.9993;0.0000
1.0014;0.0000
1.0005;0.0000
1.0034;0.0000
1.0024;0.0000
1.0054;0.0000
1.0045;0.0000
1.0067;0.0000
1.0061;0.0000
0.9981;0.0000
0.9984;0.0000
0.9981;0.0000
0.9982;0.0000
0.9980;0.0000
0.9988;0.0000
0.9983;0.0000
0.9998;0.0000
0.9991;0.0000
1.0012;0.0000
1.0003;0.0000
1.0032;0.0000
1.0019;0.0000
1.0051;0.0000
1.0038;0.0000
1.0061;0.0000
1.0051;0.0000
0.9977;0.0000
0.9981;0.0000
0.9975;0.0000
0.9979;0.0000
0.9974;0.0000
0.9984;0.0000
0.9978;0.0000
0.9994;0.0000
0.9986;0.0000
1.0006;0.0000
0.9996;0.0000
1.0023;0.0000
1.0009;0.0000
1.0038;0.0000
1.0023;0.0000
1.0044;0.0000
1.0033;0.0000
0.9969;0.0000
0.9973;0.0000
0.9962;0.0000
0.9972;0.0000
0.9966;0.0000
0.9979;0.0000
0.9972;0.0000
0.9987;0.0000
0.9979;0.0000
0.9997;0.0000
0.9988;0.0000
1.0009;0.0000
0.9997;0.0000
1.0020;0.0000
1.0006;0.0000
1.0023;0.0000
1.0012;0.0000
0.9959;0.0000
0.9954;0.0000
0.9964;0.0000
0.9971;0.0000
0.9979;0.0000
0.9987;0.0000
0.9995;0.0000
1.0000;0.0000
1.0001;0.0000
0.9932;0.0000
0.9941;0.0000
0.9950;0.0000
0.9958;0.0000
0.9966;0.0000
0.9973;0.0000
0.9979;0.0000
0.9982;0.0000
0.9980;0.0000
0.9912;0.0000
0.9925;0.0000
0.9936;0.0000
0.9946;0.0000
0.9954;0.0000
0.9960;0.0000
0.9965;0.0000
0.9967;0.0000
0.9967;0.0000
0.9895;0.0000
0.9911;0.0000
0.9924;0.0000
0.9934;0.0000
0.9943;0.0000
0.9949;0.0000
0.9953;0.0000
0.9955;0.0000
0.9953;0.0000
0.9881;0.0000
0.9900;0.0000
0.9914;0.0000
0.9925;0.0000
0.9934;0.0000
0.9940;0.0000
0.9943;0.0000
0.9945;0.0000
0.9945;0.0000
0.9872;0.0000
0.9892;0.0000
0.9907;0.0000
0.9919;0.0000
0.9927;0.0000
0.9932;0.0000
0.9935;0.0000
0.9936;0.0000
0.9935;0.0000
0.9868;0.0000
0.9889;0.0000
0.9904;0.0000
0.9914;0.0000
0.9921;0.0000
0.9926;0.0000
0.9929;0.0000
0.9930;0.0000
0.9929;0.0000
0.9872;0.0000
0.9891;0.0000
0.9903;0.0000
0.9912;0.0000
0.9917;0.0000
0.9921;0.0000
0.9924;0.0000
0.9924;0.0000
0.9921;0.0000
0.9887;0.0000
0.9897;0.0000
0.9883;0.0000
0.9905;0.0000
0.9910;0.0000
0.9915;0.0000
0.9918;0.0000
0.9920;0.0000
0.9919;0.0000
0.9912;0.0000
0.9869;0.0000
0.9885;0.0000
0.9888;0.0000
0.9868;0.0000
0.9892;0.0000
0.9895;0.0000
0.9899;0.0000
0.9902;0.0000
0.9904;0.0000
0.9889;0.0000
0.9851;0.0000
0.9849;0.0000
0.9870;0.0000
0.9849;0.0000
0.9872;0.0000
0.9876;0.0000
0.9880;0.0000
0.9884;0.0000
0.9870;0.0000
0.9844;0.0000
0.9828;0.0000
0.9825;0.0000
0.9800;0.0000
0.9825;0.0000
0.9852;0.0000
0.9829;0.0000
0.9856;0.0000
0.9861;0.0000
0.9845;0.0000
0.9822;0.0000
0.9781;0.0000
0.9797;0.0000
0.9798;0.0000
0.9767;0.0000
0.9764;0.0000
0.9727;0.0000
0.9802;0.0000
0.9834;0.0000
0.9775;0.0000
0.9813;0.0000
0.9783;0.0000
0.9726;0.0000
0.9654;0.0000
0.9766;0.0000
0.9732;0.0000
0.9724;0.0000
0.9682;0.0000
0.9673;0.0000
0.9618;0.0000
0.9529;0.0000
0.9684;0.0000
0.9737;0.0000
0.9666;0.0000
0.9591;0.0000
0.9590;0.0000
0.9481;0.0000
0.9624;0.0000
0.9508;0.0000
0.9552;0.0000
0.9423;0.0000
0.9494;0.0000
0.9390;0.0000
0.9382;0.0000
0.9312;0.0000
0.9127;0.0000
0.9375;0.0000
0.9487;0.0000
0.9326;0.0000
0.9161;0.0000
0.9144;0.0000
0.9253;0.0000
0.8970;0.0000
0.9226;0.0000
0.8923;0.0000
0.9176;0.0000
0.8882;0.0000
0.9068;0.0000
0.8829;0.0000
0.8863;0.0000
0.8717;0.0000
0.8413;0.0000
0.8659;0.0000
0.8953;0.0000
0.8259;0.0000
0.8724;0.0000
0.8551;0.0000
0.7968;0.0000
0.8478;0.0000
0.7779;0.0000
0.8439;0.0000
0.7692;0.0000
0.8401;0.0000
0.7681;0.0000
0.8279;0.0000
0.7713;0.0000
0.7986;0.0000
0.7666;0.0000
0.7318;0.0000
0.7424;0.0000
0.7980;0.0000
0.6961;0.0000
0.6755;0.0000
0.6683;0.0000
0.6748;0.0000
0.6924;0.0000
0.6956;0.0000
0.6899;0.0000
0.5923;0.0000
0.5128;0.0000
0.4550;0.0000
0.4395;0.0000
0.6526;0.0000
0.4536;0.0000
0.4897;0.0000
0.5545;0.0000
0.6090;0.0000
0.3952;0.0000
0.3182;0.0000
0.2798;0.0000
0.2923;0.0000
0.6376;0.0000
0.6125;0.0000
0.3475;0.0000
0.4326;0.0000
0.5527;0.0000
0.2617;0.0000
0.2111;0.0000
0.2107;0.0000
0.2676;0.0000
0.6434;0.0000
0.6270;0.0000
0.5836;0.0000
0.3736;0.0000
0.5146;0.0000
0.2277;0.0000
0.2178;0.0000
0.2633;0.0000
0.3688;0.0000
0.6617;0.0000
0.6551;0.0000
0.6224;0.0000
0.5752;0.0000
0.5204;0.0000
0.3020;0.0000
0.3367;0.0000
0.6924;0.0000
0.4242;0.0000
0.6914;0.0000
0.6721;0.0000
0.6376;0.0000
0.5692;0.0000
0.6020;0.0000
0.4674;0.0000
0.5399;0.0000
0.7306;0.0000
0.7372;0.0000
0.6565;0.0000
0.6645;0.0000
0.7263;0.0000
0.7064;0.0000
0.6820;0.0000
0.6849;0.0000
0.7759;0.0000
0.7794;0.0000
0.7597;0.0000
0.7885;0.0000
0.7878;0.0000
0.7562;0.0000
0.7763;0.0000
0.7646;0.0000
0.9044;0.0000
0.8776;0.0000
0.8223;0.0000
0.8478;0.0000
0.8571;0.0000
0.8477;0.0000
0.8526;0.0000
0.8502;0.0000
0.8457;0.0000
1.0614;0.0000
0.9276;0.0000
1.0205;0.0000
0.9984;0.0000
0.9502;0.0000
0.9583;0.0000
0.9797;0.0000
0.9620;0.0000
0.9690;0.0000
1.2014;0.0000
1.1706;0.0000
1.0541;0.0000
1.0619;0.0000
1.1368;0.0000
1.1112;0.0000
1.0676;0.0000
1.0757;0.0000
1.0891;0.0000
1.2998;0.0000
1.1821;0.0000
1.2957;0.0000
1.2714;0.0000
1.1755;0.0000
1.1746;0.0000
1.2399;0.0000
1.1851;0.0000
1.2085;0.0000
1.3562;0.0000
1.3665;0.0000
1.3040;0.0000
1.2771;0.0000
1.3686;0.0000
1.3489;0.0000
1.2725;0.0000
1.2887;0.0000
1.3215;0.0000
1.3503;0.0000
1.4003;0.0000
1.3854;0.0000
1.4005;0.0000
1.3608;0.0000
1.3551;0.0000
1.4083;0.0000
1.3790;0.0000
1.3957;0.0000
1.2957;0.0000
1.3391;0.0000
1.4628;0.0000
1.4140;0.0000
1.3738;0.0000
1.3933;0.0000
1.4139;0.0000
1.4099;0.0000
1.4091;0.0000
1.1977;0.0000
1.4731;0.0000
1.2457;0.0000
1.2847;0.0000
1.4275;0.0000
1.3922;0.0000
1.3173;0.0000
1.3701;0.0000
1.3427;0.0000
1.0774;0.0000
1.1210;0.0000
1.4070;0.0000
1.3404;0.0000
1.1550;0.0000
1.1872;0.0000
1.2927;0.0000
1.2514;0.0000
1.2178;0.0000
1.2323;0.0000
0.9664;0.0000
0.9859;0.0000
1.0114;0.0000
1.1782;0.0000
1.1264;0.0000
1.0278;0.0000
1.0835;0.0000
1.0532;0.0000
1.0469;0.0000
0.9836;0.0000
0.8864;0.0000
0.8902;0.0000
0.8751;0.0000
0.8760;0.0000
0.9303;0.0000
0.8958;0.0000
0.8748;0.0000
0.8040;0.0000
0.8510;0.0000
0.7817;0.0000
0.7351;0.0000
0.8101;0.0000
0.7917;0.0000
0.7466;0.0000
0.7119;0.0000
0.7251;0.0000
0.7546;0.0000
0.7521;0.0000
0.6665;0.0000
0.5964;0.0000
0.5600;0.0000
0.5748;0.0000
0.7303;0.0000
0.6848;0.0000
0.6123;0.0000
0.7104;0.0000
0.5093;0.0000
0.7099;0.0000
0.6882;0.0000
0.4437;0.0000
0.4434;0.0000
0.4850;0.0000
0.6447;0.0000
0.5767;0.0000
0.6880;0.0000
0.6846;0.0000
0.6684;0.0000
0.3889;0.0000
0.3486;0.0000
0.3116;0.0000
0.2100;0.0000
0.6636;0.0000
0.6220;0.0000
0.3764;0.0000
0.4763;0.0000
0.5600;0.0000
0.6731;0.0000
0.6544;0.0000
0.6516;0.0000
0.6750;0.0000
0.6873;0.0000
0.2925;0.0000
0.3882;0.0000
0.3039;0.0000
0.2612;0.0000
0.2800;0.0000
0.6156;0.0000
0.4799;0.0000
0.5565;0.0000
0.6237;0.0000
0.6610;0.0000
0.6832;0.0000
0.6572;0.0000
0.7009;0.0000
0.7076;0.0000
0.7217;0.0000
0.4918;0.0000
0.4019;0.0000
0.3670;0.0000
0.4637;0.0000
0.3281;0.0000
0.3420;0.0000
0.3502;0.0000
0.5668;0.0000
0.5460;0.0000
0.6110;0.0000
0.6536;0.0000
0.6895;0.0000
0.7223;0.0000
0.6949;0.0000
0.7371;0.0000
0.7402;0.0000
0.7564;0.0000
0.5252;0.0000
0.4347;0.0000
0.5039;0.0000
0.4038;0.0000
0.4177;0.0000
0.4319;0.0000
0.4481;0.0000
0.5986;0.0000
0.6500;0.0000
0.5863;0.0000
0.7000;0.0000
0.7356;0.0000
0.7482;0.0000
0.7562;0.0000
0.7724;0.0000
0.7753;0.0000
0.7921;0.0000
0.5736;0.0000
0.5601;0.0000
0.4814;0.0000
0.4931;0.0000
0.5705;0.0000
0.5047;0.0000
0.5149;0.0000
0.5216;0.0000
0.6466;0.0000
0.7057;0.0000
0.6431;0.0000
0.7628;0.0000
0.7732;0.0000
0.7906;0.0000
0.7937;0.0000
0.8081;0.0000
0.8121;0.0000
0.8285;0.0000
0.6394;0.0000
0.6485;0.0000
0.6577;0.0000
0.5811;0.0000
0.6665;0.0000
0.5917;0.0000
0.6033;0.0000
0.6182;0.0000
0.7121;0.0000
0.8125;0.0000
0.7792;0.0000
0.7191;0.0000
0.7273;0.0000
0.8390;0.0000
0.8141;0.0000
0.8371;0.0000
0.8332;0.0000
0.8438;0.0000
0.8495;0.0000
0.8644;0.0000
0.7356;0.0000
0.7433;0.0000
0.7509;0.0000
0.6752;0.0000
0.6830;0.0000
0.7579;0.0000
0.6885;0.0000
0.8650;0.0000
0.8004;0.0000
0.8067;0.0000
0.8142;0.0000
0.8222;0.0000
0.8670;0.0000
0.8956;0.0000
0.8572;0.0000
0.8862;0.0000
0.8730;0.0000
0.8783;0.0000
0.8860;0.0000
0.8983;0.0000
0.8284;0.0000
0.8337;0.0000
0.8374;0.0000
0.7660;0.0000
0.8384;0.0000
0.7774;0.0000
0.9143;0.0000
0.8897;0.0000
0.9022;0.0000
0.9097;0.0000
0.9144;0.0000
0.9347;0.0000
0.9166;0.0000
0.9369;0.0000
0.8995;0.0000
0.9271;0.0000
0.9118;0.0000
0.9096;0.0000
0.9193;0.0000
0.9282;0.0000
0.9176;0.0000
0.9181;0.0000
0.9157;0.0000
0.8364;0.0000
0.9460;0.0000
0.9485;0.0000
0.9553;0.0000
0.9624;0.0000
0.9597;0.0000
0.9498;0.0000
0.9605;0.0000
0.9656;0.0000
0.9751;0.0000
0.9356;0.0000
0.9418;0.0000
0.9534;0.0000
0.9345;0.0000
0.9446;0.0000
0.9462;0.0000
0.9620;0.0000
0.9306;0.0000
0.9711;0.0000
0.9664;0.0000
0.9775;0.0000
0.9819;0.0000
0.9927;0.0000
0.9881;0.0000
0.9722;0.0000
0.9839;0.0000
1.0025;0.0000
0.9930;0.0000
0.9571;0.0000
0.9584;0.0000
0.9694;0.0000
0.9550;0.0000
0.9553;0.0000
0.9599;0.0000
1.0056;0.0000
0.9886;0.0000
1.0215;0.0000
0.9795;0.0000
0.9876;0.0000
0.9892;0.0000
1.0129;0.0000
1.0304;0.0000
0.9978;0.0000
1.0228;0.0000
1.0090;0.0000
0.9689;0.0000
0.9650;0.0000
0.9785;0.0000
0.9640;0.0000
0.9650;0.0000
0.9661;0.0000
1.0500;0.0000
1.0377;0.0000
1.0668;0.0000
0.9882;0.0000
1.0107;0.0000
0.9994;0.0000
0.9978;0.0000
1.0465;0.0000
1.0683;0.0000
1.0258;0.0000
1.0508;0.0000
0.9731;0.0000
0.9844;0.0000
0.9725;0.0000
0.9695;0.0000
0.9710;0.0000
0.9712;0.0000
1.0887;0.0000
1.0793;0.0000
1.1029;0.0000
0.9938;0.0000
1.0232;0.0000
1.0092;0.0000
1.0040;0.0000
1.0754;0.0000
1.0973;0.0000
1.0456;0.0000
1.0697;0.0000
0.9817;0.0000
0.9899;0.0000
0.9780;0.0000
0.9662;0.0000
0.9720;0.0000
0.9648;0.0000
1.1155;0.0000
1.1104;0.0000
1.1258;0.0000
0.9983;0.0000
1.0158;0.0000
1.0341;0.0000
1.0063;0.0000
1.0168;0.0000
1.0917;0.0000
1.1113;0.0000
1.0531;0.0000
1.0726;0.0000
0.9831;0.0000
0.9879;0.0000
0.9738;0.0000
0.9589;0.0000
0.9626;0.0000
0.9571;0.0000
1.1267;0.0000
1.1286;0.0000
1.1342;0.0000
0.9932;0.0000
1.0037;0.0000
1.0329;0.0000
1.0496;0.0000
1.0145;0.0000
1.0297;0.0000
1.0907;0.0000
1.1068;0.0000
1.0669;0.0000
1.0832;0.0000
0.9761;0.0000
0.9638;0.0000
0.9791;0.0000
0.9887;0.0000
0.9620;0.0000
0.9564;0.0000
0.9593;0.0000
1.1209;0.0000
1.1364;0.0000
1.1322;0.0000
0.9997;0.0000
1.0109;0.0000
1.0456;0.0000
1.0613;0.0000
1.0260;0.0000
1.0410;0.0000
1.0987;0.0000
1.1135;0.0000
1.0768;0.0000
1.0918;0.0000
0.9670;0.0000
0.9745;0.0000
0.9844;0.0000
0.9957;0.0000
0.9577;0.0000
0.9631;0.0000
0.9618;0.0000
0.9567;0.0000
0.9581;0.0000
0.9588;0.0000
0.9587;0.0000
1.1281;0.0000
1.1508;0.0000
1.1505;0.0000
1.0072;0.0000
1.0220;0.0000
1.0560;0.0000
1.0706;0.0000
1.0366;0.0000
1.0507;0.0000
1.1067;0.0000
1.0852;0.0000
0.9712;0.0000
0.9813;0.0000
0.9926;0.0000
1.0040;0.0000
0.9631;0.0000
0.9708;0.0000
0.9602;0.0000
0.9621;0.0000
0.9562;0.0000
0.9614;0.0000
0.9665;0.0000
0.9654;0.0000
0.9700;0.0000
1.1265;0.0000
1.1034;0.0000
1.1474;0.0000
1.1220;0.0000
1.1409;0.0000
1.0184;0.0000
1.0322;0.0000
1.0647;0.0000
1.0457;0.0000
1.0819;0.0000
1.0623;0.0000
0.9804;0.0000
0.9910;0.0000
1.0151;0.0000
1.0018;0.0000
0.9736;0.0000
0.9816;0.0000
0.9612;0.0000
0.9683;0.0000
0.9434;0.0000
0.9490;0.0000
0.9743;0.0000
0.9796;0.0000
0.9744;0.0000
0.9784;0.0000
1.0988;0.0000
1.0779;0.0000
1.1154;0.0000
1.0928;0.0000
1.1318;0.0000
1.1069;0.0000
1.1201;0.0000
1.0281;0.0000
1.0438;0.0000
1.0274;0.0000
1.0587;0.0000
1.0419;0.0000
0.9909;0.0000
1.0123;0.0000
1.0001;0.0000
0.9847;0.0000
0.9914;0.0000
0.9225;0.0000
0.9597;0.0000
0.9692;0.0000
0.9305;0.0000
0.9437;0.0000
0.9813;0.0000
0.9842;0.0000
0.9749;0.0000
0.9772;0.0000
1.0725;0.0000
1.0554;0.0000
1.0849;0.0000
1.0671;0.0000
1.1050;0.0000
1.0957;0.0000
1.0831;0.0000
1.0765;0.0000
1.0119;0.0000
1.0259;0.0000
1.0394;0.0000
0.9986;0.0000
0.9870;0.0000
0.9910;0.0000
0.9153;0.0000
0.9216;0.0000
0.9259;0.0000
0.9555;0.0000
0.9642;0.0000
0.9294;0.0000
0.9382;0.0000
0.9773;0.0000
0.9659;0.0000
1.0870;0.0000
1.0511;0.0000
1.0600;0.0000
1.0662;0.0000
1.0655;0.0000
1.0045;0.0000
1.0191;0.0000
1.0328;0.0000
1.0439;0.0000
0.9951;0.0000
0.9758;0.0000
0.9595;0.0000
0.9815;0.0000
0.9630;0.0000
0.9247;0.0000
0.9311;0.0000
0.9283;0.0000
0.9354;0.0000
0.9458;0.0000
0.9329;0.0000
0.9447;0.0000
0.9327;0.0000
1.0614;0.0000
1.0406;0.0000
1.0252;0.0000
1.0159;0.0000
1.0094;0.0000
1.0057;0.0000
1.0032;0.0000
1.0019;0.0000
1.0010;0.0000
1.0513;0.0000
1.0491;0.0000
1.0528;0.0000
1.0096;0.0000
1.0225;0.0000
1.0372;0.0000
1.0325;0.0000
0.9722;0.0000
0.9857;0.0000
0.9993;0.0000
0.9465;0.0000
0.9350;0.0000
0.9540;0.0000
0.9412;0.0000
0.9243;0.0000
0.9289;0.0000
0.9321;0.0000
0.9242;0.0000
0.9282;0.0000
0.9267;0.0000
0.9299;0.0000
1.0302;0.0000
1.0189;0.0000
1.0111;0.0000
1.0068;0.0000
1.0038;0.0000
1.0023;0.0000
1.0012;0.0000
1.0004;0.0000
1.0006;0.0000
1.0360;0.0000
1.0217;0.0000
1.0114;0.0000
1.0228;0.0000
1.0195;0.0000
0.9515;0.0000
0.9658;0.0000
0.9784;0.0000
1.0016;0.0000
0.9911;0.0000
0.9643;0.0000
0.9323;0.0000
0.9340;0.0000
0.9410;0.0000
0.9406;0.0000
0.9371;0.0000
0.9365;0.0000
0.9383;0.0000
0.9412;0.0000
0.9440;0.0000
1.0123;0.0000
1.0074;0.0000
1.0040;0.0000
1.0023;0.0000
1.0012;0.0000
1.0007;0.0000
1.0002;0.0000
1.0002;0.0000
1.0003;0.0000
1.0119;0.0000
1.0069;0.0000
1.0083;0.0000
1.0041;0.0000
0.9526;0.0000
0.9496;0.0000
0.9605;0.0000
0.9752;0.0000
0.9961;0.0000
0.9863;0.0000
0.9662;0.0000
0.9757;0.0000
0.9457;0.0000
0.9521;0.0000
0.9471;0.0000
0.9481;0.0000
0.9504;0.0000
0.9537;0.0000
0.9461;0.0000
0.9502;0.0000
1.0034;0.0000
1.0018;0.0000
1.0007;0.0000
1.0004;0.0000
1.0000;0.0000
1.0001;0.0000
1.0001;0.0000
1.0001;0.0000
1.0000;0.0000
1.0011;0.0000
1.0003;0.0000
0.9958;0.0000
0.9969;0.0000
0.9722;0.0000
0.9599;0.0000
0.9688;0.0000
0.9857;0.0000
0.9803;0.0000
0.9908;0.0000
1.0001;0.0000
1.0001;0.0000
1.0002;0.0000
1.0001;0.0000
1.0001;0.0000
1.0000;0.0000
1.0000;0.0000
0.9589;0.0000
0.9580;0.0000
0.9639;0.0000
0.9570;0.0000
0.9593;0.0000
0.9641;0.0000
0.9612;0.0000
0.9593;0.0000
0.9632;0.0000
1.0000;0.0000
1.0000;0.0000
1.0000;0.0000
0.9995;0.0000
0.9995;0.0000
0.9995;0.0000
0.9996;0.0000
1.0000;0.0000
0.9999;0.0000
0.9997;0.0000
0.9972;0.0000
0.9980;0.0000
0.9932;0.0000
0.9954;0.0000
0.9779;0.0000
0.9701;0.0000
0.9869;0.0000
0.9863;0.0000
0.9916;0.0000
1.0001;0.0000
1.0001;0.0000
1.0001;0.0000
1.0000;0.0000
1.0000;0.0000
1.0000;0.0000
1.0000;0.0000
0.9710;0.0000
0.9723;0.0000
0.9818;0.0000
0.9675;0.0000
0.9684;0.0000
0.9698;0.0000
0.9690;0.0000
0.9742;0.0000
0.9765;0.0000
1.0000;0.0000
0.9999;0.0000
1.0000;0.0000
0.9984;0.0000
0.9990;0.0000
0.9993;0.0000
0.9998;0.0000
0.9996;0.0000
0.9968;0.0000
0.9979;0.0000
0.9944;0.0000
0.9964;0.0000
0.9839;0.0000
0.9817;0.0000
0.9915;0.0000
0.9946;0.0000
0.9901;0.0000
1.0000;0.0000
1.0001;0.0000
1.0000;0.0000
1.0000;0.0000
1.0000;0.0000
1.0000;0.0000
1.0000;0.0000
0.9798;0.0000
0.9806;0.0000
0.9864;0.0000
0.9853;0.0000
0.9815;0.0000
0.9765;0.0000
0.9822;0.0000
0.9845;0.0000
0.9999;0.0000
0.9999;0.0000
0.9998;0.0000
0.9986;0.0000
0.9991;0.0000
0.9995;0.0000
0.9976;0.0000
0.9985;0.0000
0.9966;0.0000
0.9978;0.0000
0.9895;0.0000
0.9892;0.0000
0.9940;0.0000
0.9962;0.0000
0.9935;0.0000
1.0000;0.0000
1.0001;0.0000
1.0001;0.0000
1.0000;0.0000
1.0001;0.0000
0.9999;0.0000
1.0000;0.0000
0.9899;0.0000
0.9864;0.0000
0.9891;0.0000
0.9899;0.0000
0.9871;0.0000
0.9902;0.0000
0.9915;0.0000
0.9997;0.0000
0.9991;0.0000
0.9998;0.0000
0.9995;0.0000
0.9986;0.0000
0.9992;0.0000
0.9977;0.0000
0.9985;0.0000
0.9936;0.0000
0.9939;0.0000
0.9960;0.0000
0.9960;0.0000
0.9975;0.0000
1.0001;0.0000
1.0001;0.0000
1.0002;0.0000
1.0001;0.0000
1.0002;0.0000
1.0000;0.0000
1.0001;0.0000
0.9926;0.0000
0.9959;0.0000
0.9923;0.0000
0.9947;0.0000
0.9945;0.0000
0.9930;0.0000
0.9948;0.0000
0.9955;0.0000
0.9996;0.0000
0.9998;0.0000
0.9992;0.0000
0.9996;0.0000
0.9985;0.0000
0.9992;0.0000
0.9963;0.0000
0.9966;0.0000
0.9975;0.0000
0.9977;0.0000
0.9985;0.0000
1.0003;0.0000
1.0002;0.0000
1.0004;0.0000
0.9984;0.0000
1.0005;0.0000
1.0003;0.0000
1.0004;0.0000
1.0001;0.0000
1.0004;0.0000
0.9972;0.0000
0.9991;0.0000
0.9963;0.0000
0.9982;0.0000
0.9971;0.0000
0.9964;0.0000
0.9976;0.0000
0.9978;0.0000
0.9999;0.0000
1.0002;0.0000
0.9996;0.0000
1.0000;0.0000
0.9992;0.0000
0.9997;0.0000
0.9980;0.0000
0.9983;0.0000
0.9986;0.0000
0.9993;0.0000
0.9988;0.0000
1.0006;0.0000
1.0005;0.0000
1.0008;0.0000
1.0026;0.0000
1.0050;0.0000
1.0010;0.0000
1.0028;0.0000
1.0006;0.0000
1.0009;0.0000
1.0005;0.0000
1.0009;0.0000
0.9998;0.0000
1.0013;0.0000
0.9991;0.0000
1.0003;0.0000
0.9987;0.0000
0.9986;0.0000
0.9994;0.0000
0.9997;0.0000
1.0004;0.0000
1.0008;0.0000
1.0001;0.0000
1.0006;0.0000
0.9998;0.0000
1.0003;0.0000
0.9991;0.0000
0.9995;0.0000
0.9994;0.0000
0.9999;0.0000
0.9997;0.0000
1.0012;0.0000
1.0010;0.0000
1.0015;0.0000
1.0082;0.0000
1.0123;0.0000
1.0052;0.0000
1.0082;0.0000
1.0031;0.0000
1.0053;0.0000
1.0012;0.0000
1.0016;0.0000
1.0012;0.0000
1.0016;0.0000
1.0017;0.0000
1.0033;0.0000
1.0008;0.0000
1.0020;0.0000
0.9999;0.0000
1.0002;0.0000
1.0006;0.0000
1.0011;0.0000
1.0010;0.0000
1.0015;0.0000
1.0007;0.0000
1.0012;0.0000
1.0004;0.0000
1.0009;0.0000
1.0000;0.0000
1.0003;0.0000
1.0001;0.0000
1.0003;0.0000
1.0006;0.0000
1.0021;0.0000
1.0019;0.0000
1.0123;0.0000
1.0180;0.0000
1.0083;0.0000
1.0054;0.0000
1.0021;0.0000
1.0020;0.0000
1.0035;0.0000
1.0022;0.0000
1.0009;0.0000
1.0013;0.0000
1.0017;0.0000
1.0014;0.0000
1.0011;0.0000
1.0007;0.0000
1.0008;0.0000
1.0213;0.0000
1.0029;0.0000
1.0192;0.0000
1.0030;0.0000
1.0028;0.0000
1.0131;0.0000
1.0088;0.0000
1.0059;0.0000
1.0039;0.0000
1.0025;0.0000
1.0022;0.0000
1.0026;0.0000
1.0012;0.0000
1.0017;0.0000
1.0018;0.0000
1.0015;0.0000
1.0012;0.0000
1.0208;0.0000
1.0194;0.0000
1.0040;0.0000
1.0037;0.0000
1.0177;0.0000
1.0122;0.0000
1.0035;0.0000
1.0030;0.0000
1.0081;0.0000
1.0056;0.0000
1.0025;0.0000
1.0037;0.0000
1.0026;0.0000
1.0021;0.0000
1.0017;0.0000
1.0018;0.0000
1.0016;0.0000
1.0165;0.0000
1.0169;0.0000
1.0160;0.0000
1.0049;0.0000
1.0045;0.0000
1.0040;0.0000
1.0148;0.0000
1.0099;0.0000
1.0070;0.0000
1.0035;0.0000
1.0029;0.0000
1.0047;0.0000
1.0022;0.0000
1.0033;0.0000
1.0023;0.0000
1.0019;0.0000
1.0018;0.0000
1.0098;0.0000
1.0111;0.0000
1.0121;0.0000
1.0117;0.0000
1.0058;0.0000
1.0052;0.0000
1.0046;0.0000
1.0038;0.0000
1.0109;0.0000
1.0078;0.0000
1.0038;0.0000
1.0053;0.0000
1.0031;0.0000
1.0024;0.0000
1.0026;0.0000
1.0021;0.0000
1.0021;0.0000
1.0009;0.0000
1.0038;0.0000
1.0057;0.0000
1.0073;0.0000
1.0075;0.0000
1.0066;0.0000
1.0059;0.0000
1.0050;0.0000
1.0074;0.0000
1.0041;0.0000
1.0032;0.0000
1.0052;0.0000
1.0028;0.0000
1.0040;0.0000
1.0026;0.0000
1.0024;0.0000
1.0024;0.0000
0.9920;0.0000
0.9954;0.0000
0.9988;0.0000
1.0011;0.0000
1.0031;0.0000
1.0039;0.0000
1.0074;0.0000
1.0065;0.0000
1.0055;0.0000
1.0044;0.0000
1.0042;0.0000
1.0036;0.0000
1.0037;0.0000
1.0031;0.0000
1.0028;0.0000
1.0028;0.0000
1.0025;0.0000
0.9837;0.0000
0.9878;0.0000
0.9917;0.0000
0.9953;0.0000
0.9980;0.0000
1.0002;0.0000
1.0014;0.0000
1.0081;0.0000
1.0072;0.0000
1.0062;0.0000
1.0054;0.0000
1.0046;0.0000
1.0023;0.0000
1.0022;0.0000
1.0039;0.0000
1.0032;0.0000
1.0027;0.0000
0.9816;0.0000
0.9774;0.0000
0.9862;0.0000
0.9900;0.0000
0.9936;0.0000
0.9962;0.0000
0.9985;0.0000
0.9999;0.0000
1.0086;0.0000
1.0090;0.0000
1.0082;0.0000
1.0073;0.0000
1.0064;0.0000
1.0051;0.0000
1.0013;0.0000
1.0038;0.0000
1.0024;0.0000
0.9741;0.0000
0.9793;0.0000
0.9648;0.0000
0.9844;0.0000
0.9883;0.0000
0.9921;0.0000
0.9948;0.0000
0.9974;0.0000
0.9991;0.0000
1.0089;0.0000
1.0090;0.0000
1.0086;0.0000
1.0077;0.0000
1.0005;0.0000
1.0062;0.0000
1.0045;0.0000
1.0024;0.0000
0.9780;0.0000
0.9725;0.0000
0.9535;0.0000
0.9637;0.0000
0.9832;0.0000
0.9873;0.0000
0.9912;0.0000
0.9941;0.0000
0.9969;0.0000
0.9984;0.0000
1.0089;0.0000
1.0088;0.0000
1.0082;0.0000
1.0068;0.0000
1.0000;0.0000
1.0048;0.0000
1.0026;0.0000
0.9719;0.0000
0.9775;0.0000
0.9432;0.0000
0.9540;0.0000
0.9636;0.0000
0.9828;0.0000
0.9870;0.0000
0.9909;0.0000
0.9940;0.0000
0.9961;0.0000
0.9980;0.0000
1.0082;0.0000
1.0078;0.0000
0.9999;0.0000
1.0067;0.0000
1.0049;0.0000
1.0026;0.0000
0.9339;0.0000
0.9451;0.0000
0.9777;0.0000
0.9720;0.0000
0.9552;0.0000
0.9641;0.0000
0.9830;0.0000
0.9873;0.0000
0.9914;0.0000
0.9938;0.0000
0.9961;0.0000
0.9981;0.0000
1.0069;0.0000
1.0060;0.0000
1.0000;0.0000
1.0046;0.0000
1.0024;0.0000
0.9263;0.0000
0.9372;0.0000
0.9474;0.0000
0.9566;0.0000
0.9727;0.0000
0.9784;0.0000
0.9651;0.0000
0.9838;0.0000
0.9882;0.0000
0.9914;0.0000
0.9941;0.0000
0.9965;0.0000
0.9984;0.0000
1.0000;0.0000
1.0049;0.0000
1.0038;0.0000
1.0022;0.0000
0.9210;0.0000
0.9310;0.0000
0.9407;0.0000
0.9497;0.0000
0.9798;0.0000
0.9584;0.0000
0.9739;0.0000
0.9665;0.0000
0.9855;0.0000
0.9892;0.0000
0.9925;0.0000
0.9951;0.0000
0.9972;0.0000
0.9988;0.0000
1.0001;0.0000
1.0028;0.0000
1.0016;0.0000
0.9198;0.0000
0.9271;0.0000
0.9354;0.0000
0.9436;0.0000
0.9520;0.0000
0.9602;0.0000
0.9758;0.0000
0.9819;0.0000
0.9682;0.0000
0.9874;0.0000
0.9913;0.0000
0.9943;0.0000
0.9965;0.0000
0.9981;0.0000
0.9992;0.0000
1.0000;0.0000
1.0010;0.0000
0.9272;0.0000
0.9265;0.0000
0.9320;0.0000
0.9385;0.0000
0.9459;0.0000
0.9538;0.0000
0.9860;0.0000
0.9619;0.0000
0.9782;0.0000
0.9702;0.0000
0.9913;0.0000
0.9944;0.0000
0.9965;0.0000
0.9979;0.0000
0.9989;0.0000
0.9995;0.0000
0.9997;0.0000
0.9442;0.0000
0.9467;0.0000
0.9504;0.0000
0.9557;0.0000
0.9616;0.0000
0.9684;0.0000
0.9834;0.0000
0.9898;0.0000
0.9755;0.0000
0.9940;0.0000
0.9963;0.0000
0.9977;0.0000
0.9986;0.0000
0.9991;0.0000
0.9993;0.0000
0.9594;0.0000
0.9615;0.0000
0.9647;0.0000
0.9692;0.0000
0.9922;0.0000
0.9742;0.0000
0.9869;0.0000
0.9803;0.0000
0.9956;0.0000
0.9973;0.0000
0.9983;0.0000
0.9989;0.0000
0.9991;0.0000
0.9712;0.0000
0.9731;0.0000
0.9759;0.0000
0.9798;0.0000
0.9898;0.0000
0.9940;0.0000
0.9843;0.0000
0.9966;0.0000
0.9979;0.0000
0.9986;0.0000
0.9988;0.0000
0.9953;0.0000
0.9802;0.0000
0.9820;0.0000
0.9845;0.0000
0.9920;0.0000
0.9880;0.0000
0.9973;0.0000
0.9981;0.0000
0.9985;0.0000
0.9940;0.0000
0.9963;0.0000
0.9871;0.0000
0.9888;0.0000
0.9909;0.0000
0.9976;0.0000
0.9980;0.0000
0.9970;0.0000
0.9954;0.0000
0.9923;0.0000
0.9936;0.0000
0.9976;0.0000
0.9966;0.0000
0.9957;0.0000
0.9972;0.0000
0.9974;0.0000
